file_name,class
100648-1-0-0.wav,자동차 경적
100648-1-1-0.wav,자동차 경적
100648-1-2-0.wav,자동차 경적
100648-1-3-0.wav,자동차 경적
100648-1-4-0.wav,자동차 경적
107090-1-0-0.wav,자동차 경적
107090-1-1-0.wav,자동차 경적
117536-1-0-0.wav,자동차 경적
118070-1-0-0.wav,자동차 경적
118496-1-0-0.wav,자동차 경적
118496-1-1-0.wav,자동차 경적
121299-1-0-0.wav,자동차 경적
125520-1-0-0.wav,자동차 경적
125520-1-1-0.wav,자동차 경적
125520-1-2-0.wav,자동차 경적
125520-1-3-0.wav,자동차 경적
125520-1-4-0.wav,자동차 경적
128465-1-0-0.wav,자동차 경적
128465-1-0-1.wav,자동차 경적
128465-1-0-2.wav,자동차 경적
128465-1-0-3.wav,자동차 경적
128465-1-0-4.wav,자동차 경적
128465-1-0-5.wav,자동차 경적
128465-1-0-6.wav,자동차 경적
128465-1-0-7.wav,자동차 경적
128465-1-0-8.wav,자동차 경적
132073-1-0-0.wav,자동차 경적
132073-1-1-0.wav,자동차 경적
132073-1-2-0.wav,자동차 경적
132073-1-3-0.wav,자동차 경적
132073-1-4-0.wav,자동차 경적
132073-1-5-0.wav,자동차 경적
132073-1-6-0.wav,자동차 경적
138465-1-0-0.wav,자동차 경적
138468-1-0-0.wav,자동차 경적
143115-1-0-0.wav,자동차 경적
143115-1-1-0.wav,자동차 경적
143115-1-2-0.wav,자동차 경적
143115-1-3-0.wav,자동차 경적
143115-1-4-0.wav,자동차 경적
14524-1-0-0.wav,자동차 경적
145577-1-0-0.wav,자동차 경적
151359-1-0-0.wav,자동차 경적
151359-1-1-0.wav,자동차 경적
151359-1-2-0.wav,자동차 경적
151359-1-3-0.wav,자동차 경적
153057-1-0-0.wav,자동차 경적
155129-1-0-0.wav,자동차 경적
155129-1-1-0.wav,자동차 경적
155129-1-2-0.wav,자동차 경적
155130-1-0-0.wav,자동차 경적
155130-1-1-0.wav,자동차 경적
155234-1-0-0.wav,자동차 경적
155283-1-0-0.wav,자동차 경적
155283-1-1-0.wav,자동차 경적
156091-1-0-0.wav,자동차 경적
156194-1-0-0.wav,자동차 경적
161010-1-0-0.wav,자동차 경적
161010-1-1-0.wav,자동차 경적
161010-1-2-0.wav,자동차 경적
161010-1-3-0.wav,자동차 경적
162540-1-0-0.wav,자동차 경적
162540-1-1-0.wav,자동차 경적
162540-1-2-0.wav,자동차 경적
162541-1-0-0.wav,자동차 경적
162541-1-1-0.wav,자동차 경적
162541-1-2-0.wav,자동차 경적
162702-1-0-0.wav,자동차 경적
162702-1-1-0.wav,자동차 경적
162703-1-0-0.wav,자동차 경적
162728-1-0-0.wav,자동차 경적
164625-1-0-0.wav,자동차 경적
164626-1-0-0.wav,자동차 경적
164627-1-0-0.wav,자동차 경적
170243-1-0-0.wav,자동차 경적
17074-1-0-0.wav,자동차 경적
17124-1-0-0.wav,자동차 경적
171249-1-0-0.wav,자동차 경적
171249-1-1-0.wav,자동차 경적
171249-1-2-0.wav,자동차 경적
17307-1-0-0.wav,자동차 경적
174840-1-0-0.wav,자동차 경적
174841-1-0-0.wav,자동차 경적
175842-1-0-0.wav,자동차 경적
175843-1-0-0.wav,자동차 경적
175844-1-0-0.wav,자동차 경적
175845-1-0-0.wav,자동차 경적
175846-1-0-0.wav,자동차 경적
175847-1-0-0.wav,자동차 경적
175848-1-0-0.wav,자동차 경적
175849-1-0-0.wav,자동차 경적
175850-1-0-0.wav,자동차 경적
175851-1-0-0.wav,자동차 경적
175852-1-0-0.wav,자동차 경적
175853-1-0-0.wav,자동차 경적
175854-1-0-0.wav,자동차 경적
175855-1-0-0.wav,자동차 경적
175856-1-0-0.wav,자동차 경적
175856-1-1-0.wav,자동차 경적
175856-1-2-0.wav,자동차 경적
176003-1-0-0.wav,자동차 경적
176631-1-0-0.wav,자동차 경적
176634-1-0-0.wav,자동차 경적
176638-1-0-0.wav,자동차 경적
176638-1-1-0.wav,자동차 경적
178115-1-0-0.wav,자동차 경적
178402-1-0-0.wav,자동차 경적
179858-1-0-0.wav,자동차 경적
179860-1-0-0.wav,자동차 경적
179861-1-0-0.wav,자동차 경적
179862-1-0-0.wav,자동차 경적
179863-1-0-0.wav,자동차 경적
179864-1-0-0.wav,자동차 경적
179865-1-0-0.wav,자동차 경적
179866-1-0-0.wav,자동차 경적
179866-1-1-0.wav,자동차 경적
179867-1-0-0.wav,자동차 경적
179868-1-0-0.wav,자동차 경적
180156-1-0-0.wav,자동차 경적
180156-1-1-0.wav,자동차 경적
180156-1-10-0.wav,자동차 경적
180156-1-11-0.wav,자동차 경적
180156-1-12-0.wav,자동차 경적
180156-1-2-0.wav,자동차 경적
180156-1-3-0.wav,자동차 경적
180156-1-4-0.wav,자동차 경적
180156-1-5-0.wav,자동차 경적
180156-1-6-0.wav,자동차 경적
180156-1-7-0.wav,자동차 경적
180156-1-8-0.wav,자동차 경적
180156-1-9-0.wav,자동차 경적
182474-1-0-0.wav,자동차 경적
183894-1-5-0.wav,자동차 경적
183894-1-6-0.wav,자동차 경적
183894-1-7-0.wav,자동차 경적
183894-1-8-0.wav,자동차 경적
183894-1-9-0.wav,자동차 경적
184355-1-0-0.wav,자동차 경적
185436-1-0-0.wav,자동차 경적
185436-1-1-0.wav,자동차 경적
185436-1-2-0.wav,자동차 경적
185436-1-3-0.wav,자동차 경적
185436-1-4-0.wav,자동차 경적
185436-1-5-0.wav,자동차 경적
185436-1-6-0.wav,자동차 경적
185436-1-7-0.wav,자동차 경적
18594-1-0-0.wav,자동차 경적
18594-1-1-0.wav,자동차 경적
18594-1-2-0.wav,자동차 경적
18594-1-3-0.wav,자동차 경적
18594-1-4-0.wav,자동차 경적
18594-1-5-0.wav,자동차 경적
18594-1-6-0.wav,자동차 경적
187356-1-0-0.wav,자동차 경적
187356-1-1-0.wav,자동차 경적
187356-1-2-0.wav,자동차 경적
187356-1-3-0.wav,자동차 경적
187356-1-4-0.wav,자동차 경적
187356-1-5-0.wav,자동차 경적
187356-1-6-0.wav,자동차 경적
18933-1-0-0.wav,자동차 경적
19026-1-0-0.wav,자동차 경적
199769-1-0-0.wav,자동차 경적
199769-1-0-1.wav,자동차 경적
199769-1-0-10.wav,자동차 경적
199769-1-0-11.wav,자동차 경적
199769-1-0-12.wav,자동차 경적
199769-1-0-13.wav,자동차 경적
199769-1-0-14.wav,자동차 경적
199769-1-0-15.wav,자동차 경적
199769-1-0-16.wav,자동차 경적
199769-1-0-17.wav,자동차 경적
199769-1-0-18.wav,자동차 경적
199769-1-0-2.wav,자동차 경적
199769-1-0-3.wav,자동차 경적
199769-1-0-4.wav,자동차 경적
199769-1-0-5.wav,자동차 경적
199769-1-0-6.wav,자동차 경적
199769-1-0-7.wav,자동차 경적
199769-1-0-8.wav,자동차 경적
199769-1-0-9.wav,자동차 경적
203956-1-0-0.wav,자동차 경적
204765-1-0-0.wav,자동차 경적
24074-1-0-0.wav,자동차 경적
24074-1-0-1.wav,자동차 경적
24074-1-0-10.wav,자동차 경적
24074-1-0-11.wav,자동차 경적
24074-1-0-12.wav,자동차 경적
24074-1-0-13.wav,자동차 경적
24074-1-0-2.wav,자동차 경적
24074-1-0-3.wav,자동차 경적
24074-1-0-4.wav,자동차 경적
24074-1-0-5.wav,자동차 경적
24074-1-0-6.wav,자동차 경적
24074-1-0-7.wav,자동차 경적
24074-1-0-8.wav,자동차 경적
24074-1-0-9.wav,자동차 경적
24076-1-0-0.wav,자동차 경적
24076-1-1-0.wav,자동차 경적
26176-1-0-0.wav,자동차 경적
26177-1-0-0.wav,자동차 경적
26177-1-1-0.wav,자동차 경적
26177-1-2-0.wav,자동차 경적
26185-1-0-0.wav,자동차 경적
26185-1-1-0.wav,자동차 경적
26186-1-0-0.wav,자동차 경적
27068-1-0-0.wav,자동차 경적
28808-1-0-0.wav,자동차 경적
28808-1-0-1.wav,자동차 경적
28808-1-0-10.wav,자동차 경적
28808-1-0-11.wav,자동차 경적
28808-1-0-2.wav,자동차 경적
28808-1-0-3.wav,자동차 경적
28808-1-0-4.wav,자동차 경적
28808-1-0-5.wav,자동차 경적
28808-1-0-6.wav,자동차 경적
28808-1-0-7.wav,자동차 경적
28808-1-0-8.wav,자동차 경적
28808-1-0-9.wav,자동차 경적
28808-1-1-0.wav,자동차 경적
28808-1-1-1.wav,자동차 경적
2937-1-0-0.wav,자동차 경적
29932-1-0-0.wav,자동차 경적
29932-1-1-0.wav,자동차 경적
32417-1-0-0.wav,자동차 경적
34241-1-0-0.wav,자동차 경적
34241-1-1-0.wav,자동차 경적
34241-1-2-0.wav,자동차 경적
42101-1-1-0.wav,자동차 경적
43802-1-0-0.wav,자동차 경적
43802-1-1-0.wav,자동차 경적
43802-1-2-0.wav,자동차 경적
43803-1-0-0.wav,자동차 경적
44278-1-0-0.wav,자동차 경적
44278-1-1-0.wav,자동차 경적
45256-1-0-0.wav,자동차 경적
46391-1-0-0.wav,자동차 경적
46391-1-1-0.wav,자동차 경적
49974-1-0-0.wav,자동차 경적
52102-1-0-0.wav,자동차 경적
54086-1-0-0.wav,자동차 경적
54086-1-1-0.wav,자동차 경적
54086-1-2-0.wav,자동차 경적
54187-1-0-0.wav,자동차 경적
54187-1-0-1.wav,자동차 경적
54187-1-0-2.wav,자동차 경적
54187-1-0-3.wav,자동차 경적
54187-1-0-4.wav,자동차 경적
57607-1-0-0.wav,자동차 경적
58202-1-0-0.wav,자동차 경적
65472-1-0-0.wav,자동차 경적
66115-1-0-0.wav,자동차 경적
66115-1-0-1.wav,자동차 경적
68657-1-0-0.wav,자동차 경적
6984-1-0-0.wav,자동차 경적
71309-1-0-0.wav,자동차 경적
71309-1-0-1.wav,자동차 경적
71309-1-0-2.wav,자동차 경적
71309-1-0-3.wav,자동차 경적
71309-1-0-4.wav,자동차 경적
71309-1-0-5.wav,자동차 경적
71309-1-0-6.wav,자동차 경적
71309-1-0-7.wav,자동차 경적
71309-1-0-8.wav,자동차 경적
71309-1-1-0.wav,자동차 경적
71309-1-2-0.wav,자동차 경적
71439-1-0-0.wav,자동차 경적
71439-1-1-0.wav,자동차 경적
71439-1-2-0.wav,자동차 경적
71439-1-3-0.wav,자동차 경적
72259-1-0-0.wav,자동차 경적
72259-1-0-1.wav,자동차 경적
72259-1-0-2.wav,자동차 경적
72259-1-0-3.wav,자동차 경적
72259-1-0-4.wav,자동차 경적
72259-1-0-5.wav,자동차 경적
72259-1-1-0.wav,자동차 경적
72259-1-10-0.wav,자동차 경적
72259-1-10-1.wav,자동차 경적
72259-1-10-10.wav,자동차 경적
72259-1-10-11.wav,자동차 경적
72259-1-10-12.wav,자동차 경적
72259-1-10-13.wav,자동차 경적
72259-1-10-14.wav,자동차 경적
72259-1-10-2.wav,자동차 경적
72259-1-10-3.wav,자동차 경적
72259-1-10-4.wav,자동차 경적
72259-1-10-5.wav,자동차 경적
72259-1-10-6.wav,자동차 경적
72259-1-10-7.wav,자동차 경적
72259-1-10-8.wav,자동차 경적
72259-1-10-9.wav,자동차 경적
72259-1-2-0.wav,자동차 경적
72259-1-3-0.wav,자동차 경적
72259-1-5-0.wav,자동차 경적
72259-1-5-1.wav,자동차 경적
72259-1-5-2.wav,자동차 경적
72259-1-5-3.wav,자동차 경적
72259-1-5-4.wav,자동차 경적
72259-1-6-0.wav,자동차 경적
72259-1-6-1.wav,자동차 경적
72259-1-7-0.wav,자동차 경적
72259-1-7-1.wav,자동차 경적
72259-1-7-10.wav,자동차 경적
72259-1-7-11.wav,자동차 경적
72259-1-7-12.wav,자동차 경적
72259-1-7-13.wav,자동차 경적
72259-1-7-14.wav,자동차 경적
72259-1-7-15.wav,자동차 경적
72259-1-7-16.wav,자동차 경적
72259-1-7-17.wav,자동차 경적
72259-1-7-18.wav,자동차 경적
72259-1-7-19.wav,자동차 경적
72259-1-7-2.wav,자동차 경적
72259-1-7-20.wav,자동차 경적
72259-1-7-21.wav,자동차 경적
72259-1-7-22.wav,자동차 경적
72259-1-7-3.wav,자동차 경적
72259-1-7-4.wav,자동차 경적
72259-1-7-5.wav,자동차 경적
72259-1-7-6.wav,자동차 경적
72259-1-7-7.wav,자동차 경적
72259-1-7-8.wav,자동차 경적
72259-1-7-9.wav,자동차 경적
72259-1-8-0.wav,자동차 경적
72259-1-9-0.wav,자동차 경적
72259-1-9-1.wav,자동차 경적
72259-1-9-10.wav,자동차 경적
72259-1-9-11.wav,자동차 경적
72259-1-9-12.wav,자동차 경적
72259-1-9-13.wav,자동차 경적
72259-1-9-14.wav,자동차 경적
72259-1-9-15.wav,자동차 경적
72259-1-9-16.wav,자동차 경적
72259-1-9-17.wav,자동차 경적
72259-1-9-2.wav,자동차 경적
72259-1-9-3.wav,자동차 경적
72259-1-9-4.wav,자동차 경적
72259-1-9-5.wav,자동차 경적
72259-1-9-6.wav,자동차 경적
72259-1-9-7.wav,자동차 경적
72259-1-9-8.wav,자동차 경적
72259-1-9-9.wav,자동차 경적
72567-1-0-0.wav,자동차 경적
72567-1-0-1.wav,자동차 경적
72567-1-1-0.wav,자동차 경적
72567-1-2-0.wav,자동차 경적
72567-1-2-1.wav,자동차 경적
72567-1-2-2.wav,자동차 경적
72567-1-2-3.wav,자동차 경적
72567-1-2-4.wav,자동차 경적
72567-1-2-5.wav,자동차 경적
72567-1-3-0.wav,자동차 경적
72567-1-4-0.wav,자동차 경적
72567-1-4-1.wav,자동차 경적
72567-1-4-2.wav,자동차 경적
72567-1-4-3.wav,자동차 경적
72567-1-4-4.wav,자동차 경적
72567-1-4-5.wav,자동차 경적
72567-1-4-6.wav,자동차 경적
72567-1-4-7.wav,자동차 경적
72567-1-5-0.wav,자동차 경적
73168-1-0-0.wav,자동차 경적
73168-1-1-0.wav,자동차 경적
73168-1-2-0.wav,자동차 경적
7389-1-0-0.wav,자동차 경적
7389-1-0-1.wav,자동차 경적
7389-1-0-2.wav,자동차 경적
7389-1-0-3.wav,자동차 경적
7389-1-0-4.wav,자동차 경적
7389-1-0-5.wav,자동차 경적
7389-1-0-6.wav,자동차 경적
7389-1-0-7.wav,자동차 경적
7389-1-1-0.wav,자동차 경적
7389-1-2-0.wav,자동차 경적
7389-1-2-1.wav,자동차 경적
7389-1-2-2.wav,자동차 경적
7389-1-2-3.wav,자동차 경적
7389-1-3-0.wav,자동차 경적
7389-1-3-1.wav,자동차 경적
7389-1-3-2.wav,자동차 경적
7389-1-3-3.wav,자동차 경적
7389-1-3-4.wav,자동차 경적
7389-1-3-5.wav,자동차 경적
7389-1-4-0.wav,자동차 경적
7389-1-4-1.wav,자동차 경적
7389-1-4-10.wav,자동차 경적
7389-1-4-11.wav,자동차 경적
7389-1-4-12.wav,자동차 경적
7389-1-4-13.wav,자동차 경적
7389-1-4-14.wav,자동차 경적
7389-1-4-15.wav,자동차 경적
7389-1-4-2.wav,자동차 경적
7389-1-4-3.wav,자동차 경적
7389-1-4-4.wav,자동차 경적
7389-1-4-5.wav,자동차 경적
7389-1-4-6.wav,자동차 경적
7389-1-4-7.wav,자동차 경적
7389-1-4-8.wav,자동차 경적
7389-1-4-9.wav,자동차 경적
77509-1-0-0.wav,자동차 경적
82317-1-0-0.wav,자동차 경적
83465-1-0-0.wav,자동차 경적
83488-1-0-0.wav,자동차 경적
83488-1-1-0.wav,자동차 경적
87275-1-0-0.wav,자동차 경적
87275-1-1-0.wav,자동차 경적
87275-1-2-0.wav,자동차 경적
87275-1-3-0.wav,자동차 경적
87275-1-4-0.wav,자동차 경적
87275-1-5-0.wav,자동차 경적
89679-1-0-0.wav,자동차 경적
89679-1-1-0.wav,자동차 경적
94401-1-0-0.wav,자동차 경적
94868-1-0-0.wav,자동차 경적
94868-1-1-0.wav,자동차 경적
94868-1-2-0.wav,자동차 경적
9674-1-0-0.wav,자동차 경적
9674-1-0-1.wav,자동차 경적
9674-1-0-2.wav,자동차 경적
99812-1-0-0.wav,자동차 경적
99812-1-0-1.wav,자동차 경적
99812-1-0-2.wav,자동차 경적
99812-1-1-0.wav,자동차 경적
99812-1-2-0.wav,자동차 경적
99812-1-3-0.wav,자동차 경적
99812-1-4-0.wav,자동차 경적
99812-1-5-0.wav,자동차 경적
99812-1-6-0.wav,자동차 경적
100032-3-0-0.wav,개 짖는 소리
100652-3-0-0.wav,개 짖는 소리
100652-3-0-1.wav,개 짖는 소리
100652-3-0-2.wav,개 짖는 소리
100652-3-0-3.wav,개 짖는 소리
100795-3-0-0.wav,개 짖는 소리
100795-3-1-0.wav,개 짖는 소리
100795-3-1-1.wav,개 짖는 소리
100795-3-1-2.wav,개 짖는 소리
101281-3-0-0.wav,개 짖는 소리
101281-3-0-14.wav,개 짖는 소리
101281-3-0-5.wav,개 짖는 소리
101415-3-0-2.wav,개 짖는 소리
101415-3-0-3.wav,개 짖는 소리
101415-3-0-8.wav,개 짖는 소리
102102-3-0-0.wav,개 짖는 소리
102103-3-0-0.wav,개 짖는 소리
102103-3-1-0.wav,개 짖는 소리
102104-3-0-0.wav,개 짖는 소리
102105-3-0-0.wav,개 짖는 소리
102106-3-0-0.wav,개 짖는 소리
102547-3-0-2.wav,개 짖는 소리
102547-3-0-7.wav,개 짖는 소리
102547-3-0-8.wav,개 짖는 소리
102842-3-0-1.wav,개 짖는 소리
102842-3-1-0.wav,개 짖는 소리
102842-3-1-5.wav,개 짖는 소리
102842-3-1-6.wav,개 짖는 소리
103076-3-0-0.wav,개 짖는 소리
103076-3-1-0.wav,개 짖는 소리
103076-3-2-0.wav,개 짖는 소리
105088-3-0-10.wav,개 짖는 소리
105088-3-0-11.wav,개 짖는 소리
105088-3-0-19.wav,개 짖는 소리
105088-3-0-8.wav,개 짖는 소리
105319-3-0-22.wav,개 짖는 소리
105319-3-0-29.wav,개 짖는 소리
105319-3-0-39.wav,개 짖는 소리
107190-3-0-0.wav,개 짖는 소리
108187-3-2-0.wav,개 짖는 소리
108187-3-3-0.wav,개 짖는 소리
108187-3-4-0.wav,개 짖는 소리
108187-3-6-0.wav,개 짖는 소리
109233-3-0-3.wav,개 짖는 소리
109233-3-0-4.wav,개 짖는 소리
109233-3-0-5.wav,개 짖는 소리
109233-3-0-6.wav,개 짖는 소리
109711-3-1-0.wav,개 짖는 소리
109711-3-2-4.wav,개 짖는 소리
109711-3-2-6.wav,개 짖는 소리
110134-3-0-0.wav,개 짖는 소리
110371-3-0-1.wav,개 짖는 소리
110371-3-1-0.wav,개 짖는 소리
110371-3-1-1.wav,개 짖는 소리
110389-3-0-0.wav,개 짖는 소리
110688-3-0-11.wav,개 짖는 소리
110688-3-0-17.wav,개 짖는 소리
110688-3-0-2.wav,개 짖는 소리
110688-3-0-32.wav,개 짖는 소리
110918-3-0-1.wav,개 짖는 소리
110918-3-0-26.wav,개 짖는 소리
110918-3-0-40.wav,개 짖는 소리
110918-3-0-9.wav,개 짖는 소리
112195-3-0-38.wav,개 짖는 소리
112195-3-0-48.wav,개 짖는 소리
112195-3-0-57.wav,개 짖는 소리
112195-3-0-80.wav,개 짖는 소리
113785-3-0-0.wav,개 짖는 소리
113785-3-1-0.wav,개 짖는 소리
114280-3-0-0.wav,개 짖는 소리
114280-3-0-1.wav,개 짖는 소리
114587-3-0-2.wav,개 짖는 소리
114587-3-0-4.wav,개 짖는 소리
114587-3-0-5.wav,개 짖는 소리
114587-3-0-7.wav,개 짖는 소리
115411-3-0-0.wav,개 짖는 소리
115411-3-2-0.wav,개 짖는 소리
115411-3-3-0.wav,개 짖는 소리
115535-3-0-0.wav,개 짖는 소리
115536-3-0-0.wav,개 짖는 소리
115537-3-0-0.wav,개 짖는 소리
116163-3-0-0.wav,개 짖는 소리
116163-3-1-0.wav,개 짖는 소리
116163-3-2-0.wav,개 짖는 소리
116400-3-0-2.wav,개 짖는 소리
116400-3-1-0.wav,개 짖는 소리
116400-3-1-1.wav,개 짖는 소리
116400-3-1-2.wav,개 짖는 소리
116483-3-0-1.wav,개 짖는 소리
116483-3-0-2.wav,개 짖는 소리
116483-3-1-0.wav,개 짖는 소리
116483-3-1-2.wav,개 짖는 소리
116484-3-0-12.wav,개 짖는 소리
116484-3-0-16.wav,개 짖는 소리
116484-3-0-6.wav,개 짖는 소리
116484-3-0-8.wav,개 짖는 소리
116485-3-0-4.wav,개 짖는 소리
116485-3-0-6.wav,개 짖는 소리
116485-3-2-0.wav,개 짖는 소리
116485-3-2-4.wav,개 짖는 소리
117048-3-0-17.wav,개 짖는 소리
117048-3-0-23.wav,개 짖는 소리
117048-3-0-25.wav,개 짖는 소리
117048-3-0-35.wav,개 짖는 소리
117072-3-0-11.wav,개 짖는 소리
117072-3-0-14.wav,개 짖는 소리
117072-3-0-19.wav,개 짖는 소리
117072-3-0-8.wav,개 짖는 소리
11722-3-0-0.wav,개 짖는 소리
11722-3-1-0.wav,개 짖는 소리
117271-3-0-0.wav,개 짖는 소리
117271-3-0-1.wav,개 짖는 소리
117271-3-0-2.wav,개 짖는 소리
117271-3-0-3.wav,개 짖는 소리
118072-3-0-0.wav,개 짖는 소리
118101-3-0-0.wav,개 짖는 소리
118101-3-0-3.wav,개 짖는 소리
118101-3-0-4.wav,개 짖는 소리
118101-3-0-6.wav,개 짖는 소리
118587-3-0-2.wav,개 짖는 소리
118587-3-0-21.wav,개 짖는 소리
118587-3-0-6.wav,개 짖는 소리
118961-3-0-0.wav,개 짖는 소리
118962-3-0-0.wav,개 짖는 소리
118963-3-0-0.wav,개 짖는 소리
118964-3-0-0.wav,개 짖는 소리
119420-3-0-0.wav,개 짖는 소리
119420-3-1-0.wav,개 짖는 소리
121888-3-0-0.wav,개 짖는 소리
122199-3-1-1.wav,개 짖는 소리
122199-3-1-2.wav,개 짖는 소리
122199-3-1-3.wav,개 짖는 소리
122199-3-1-6.wav,개 짖는 소리
125523-3-0-1.wav,개 짖는 소리
125523-3-0-11.wav,개 짖는 소리
125523-3-0-3.wav,개 짖는 소리
125554-3-0-0.wav,개 짖는 소리
125574-3-0-0.wav,개 짖는 소리
125791-3-0-12.wav,개 짖는 소리
125791-3-0-13.wav,개 짖는 소리
125791-3-0-15.wav,개 짖는 소리
125791-3-0-9.wav,개 짖는 소리
12647-3-0-0.wav,개 짖는 소리
12647-3-1-0.wav,개 짖는 소리
12647-3-2-0.wav,개 짖는 소리
12647-3-3-0.wav,개 짖는 소리
126521-3-0-12.wav,개 짖는 소리
126521-3-0-17.wav,개 짖는 소리
126521-3-0-18.wav,개 짖는 소리
126521-3-0-2.wav,개 짖는 소리
128030-3-0-0.wav,개 짖는 소리
128030-3-1-0.wav,개 짖는 소리
128030-3-2-0.wav,개 짖는 소리
128240-3-0-1.wav,개 짖는 소리
128240-3-0-20.wav,개 짖는 소리
128240-3-0-39.wav,개 짖는 소리
128240-3-0-42.wav,개 짖는 소리
128470-3-0-0.wav,개 짖는 소리
128470-3-0-1.wav,개 짖는 소리
128470-3-0-5.wav,개 짖는 소리
128470-3-0-8.wav,개 짖는 소리
128891-3-0-2.wav,개 짖는 소리
128891-3-0-4.wav,개 짖는 소리
128891-3-0-5.wav,개 짖는 소리
130030-3-0-0.wav,개 짖는 소리
131199-3-0-0.wav,개 짖는 소리
13577-3-0-0.wav,개 짖는 소리
13577-3-0-2.wav,개 짖는 소리
13577-3-5-0.wav,개 짖는 소리
137803-3-0-0.wav,개 짖는 소리
137803-3-0-1.wav,개 짖는 소리
137803-3-0-2.wav,개 짖는 소리
138015-3-0-1.wav,개 짖는 소리
138015-3-0-5.wav,개 짖는 소리
138015-3-0-7.wav,개 짖는 소리
139948-3-0-0.wav,개 짖는 소리
139948-3-1-0.wav,개 짖는 소리
139948-3-2-0.wav,개 짖는 소리
139948-3-4-0.wav,개 짖는 소리
142641-3-0-0.wav,개 짖는 소리
14358-3-0-26.wav,개 짖는 소리
14358-3-0-7.wav,개 짖는 소리
14358-3-0-85.wav,개 짖는 소리
14358-3-0-90.wav,개 짖는 소리
144028-3-0-0.wav,개 짖는 소리
144028-3-1-0.wav,개 짖는 소리
144028-3-1-1.wav,개 짖는 소리
14468-3-0-2.wav,개 짖는 소리
14468-3-0-3.wav,개 짖는 소리
14468-3-1-0.wav,개 짖는 소리
14468-3-5-0.wav,개 짖는 소리
144885-3-0-0.wav,개 짖는 소리
146343-3-0-0.wav,개 짖는 소리
147672-3-0-0.wav,개 짖는 소리
147672-3-1-0.wav,개 짖는 소리
147672-3-2-0.wav,개 짖는 소리
150341-3-0-0.wav,개 짖는 소리
150341-3-1-0.wav,개 짖는 소리
152588-3-0-0.wav,개 짖는 소리
152588-3-1-0.wav,개 짖는 소리
152588-3-2-0.wav,개 짖는 소리
152588-3-3-0.wav,개 짖는 소리
155294-3-0-0.wav,개 짖는 소리
155299-3-0-1.wav,개 짖는 소리
155299-3-1-0.wav,개 짖는 소리
155299-3-1-1.wav,개 짖는 소리
155299-3-1-2.wav,개 짖는 소리
155309-3-0-0.wav,개 짖는 소리
155310-3-0-0.wav,개 짖는 소리
155311-3-0-0.wav,개 짖는 소리
155312-3-0-0.wav,개 짖는 소리
155313-3-0-0.wav,개 짖는 소리
155314-3-0-1.wav,개 짖는 소리
155314-3-0-2.wav,개 짖는 소리
155314-3-0-5.wav,개 짖는 소리
155315-3-0-0.wav,개 짖는 소리
155317-3-0-0.wav,개 짖는 소리
155320-3-0-0.wav,개 짖는 소리
155488-3-0-6.wav,개 짖는 소리
155488-3-2-0.wav,개 짖는 소리
155488-3-3-0.wav,개 짖는 소리
155488-3-3-1.wav,개 짖는 소리
156418-3-0-0.wav,개 짖는 소리
156418-3-0-1.wav,개 짖는 소리
156418-3-1-0.wav,개 짖는 소리
156418-3-2-0.wav,개 짖는 소리
157322-3-0-3.wav,개 짖는 소리
157322-3-0-4.wav,개 짖는 소리
157322-3-0-5.wav,개 짖는 소리
157322-3-0-6.wav,개 짖는 소리
157649-3-0-0.wav,개 짖는 소리
157649-3-0-1.wav,개 짖는 소리
157649-3-1-1.wav,개 짖는 소리
157649-3-2-0.wav,개 짖는 소리
157695-3-0-19.wav,개 짖는 소리
157695-3-0-2.wav,개 짖는 소리
157695-3-0-27.wav,개 짖는 소리
157695-3-0-8.wav,개 짖는 소리
157950-3-0-0.wav,개 짖는 소리
158607-3-0-0.wav,개 짖는 소리
158607-3-1-0.wav,개 짖는 소리
158607-3-2-0.wav,개 짖는 소리
159176-3-0-0.wav,개 짖는 소리
159726-3-0-0.wav,개 짖는 소리
159726-3-1-0.wav,개 짖는 소리
160092-3-0-0.wav,개 짖는 소리
160093-3-0-0.wav,개 짖는 소리
160094-3-0-0.wav,개 짖는 소리
160366-3-0-13.wav,개 짖는 소리
160366-3-0-4.wav,개 짖는 소리
160366-3-0-7.wav,개 짖는 소리
160366-3-0-8.wav,개 짖는 소리
160575-3-0-0.wav,개 짖는 소리
160575-3-1-0.wav,개 짖는 소리
160575-3-4-0.wav,개 짖는 소리
160575-3-7-0.wav,개 짖는 소리
161922-3-1-4.wav,개 짖는 소리
161922-3-1-5.wav,개 짖는 소리
161922-3-1-6.wav,개 짖는 소리
161922-3-2-0.wav,개 짖는 소리
161923-3-0-0.wav,개 짖는 소리
161923-3-0-12.wav,개 짖는 소리
161923-3-0-19.wav,개 짖는 소리
161923-3-0-5.wav,개 짖는 소리
162148-3-0-0.wav,개 짖는 소리
163459-3-0-0.wav,개 짖는 소리
164311-3-0-0.wav,개 짖는 소리
164311-3-1-0.wav,개 짖는 소리
164312-3-0-0.wav,개 짖는 소리
164312-3-1-0.wav,개 짖는 소리
164312-3-3-0.wav,개 짖는 소리
164312-3-4-0.wav,개 짖는 소리
165567-3-0-0.wav,개 짖는 소리
165567-3-2-0.wav,개 짖는 소리
165567-3-3-0.wav,개 짖는 소리
165567-3-4-0.wav,개 짖는 소리
166268-3-0-0.wav,개 짖는 소리
166268-3-1-0.wav,개 짖는 소리
166268-3-2-0.wav,개 짖는 소리
166421-3-0-29.wav,개 짖는 소리
166421-3-0-31.wav,개 짖는 소리
166421-3-0-5.wav,개 짖는 소리
166489-3-0-1.wav,개 짖는 소리
166489-3-0-2.wav,개 짖는 소리
166489-3-0-4.wav,개 짖는 소리
170015-3-0-0.wav,개 짖는 소리
171464-3-0-0.wav,개 짖는 소리
171464-3-1-0.wav,개 짖는 소리
171464-3-2-0.wav,개 짖는 소리
173993-3-0-25.wav,개 짖는 소리
173993-3-0-39.wav,개 짖는 소리
173993-3-0-51.wav,개 짖는 소리
173993-3-0-52.wav,개 짖는 소리
173994-3-0-14.wav,개 짖는 소리
173994-3-0-3.wav,개 짖는 소리
173994-3-0-44.wav,개 짖는 소리
173994-3-0-45.wav,개 짖는 소리
173995-3-0-0.wav,개 짖는 소리
173995-3-0-11.wav,개 짖는 소리
173995-3-0-27.wav,개 짖는 소리
173995-3-0-3.wav,개 짖는 소리
174026-3-1-0.wav,개 짖는 소리
174026-3-1-1.wav,개 짖는 소리
174026-3-1-5.wav,개 짖는 소리
174026-3-2-2.wav,개 짖는 소리
17486-3-0-0.wav,개 짖는 소리
17486-3-1-0.wav,개 짖는 소리
17486-3-2-0.wav,개 짖는 소리
174873-3-5-1.wav,개 짖는 소리
174873-3-5-10.wav,개 짖는 소리
174873-3-5-12.wav,개 짖는 소리
174873-3-5-13.wav,개 짖는 소리
174994-3-0-0.wav,개 짖는 소리
174994-3-0-1.wav,개 짖는 소리
174994-3-0-2.wav,개 짖는 소리
174994-3-0-4.wav,개 짖는 소리
175915-3-0-0.wav,개 짖는 소리
175915-3-0-1.wav,개 짖는 소리
175915-3-0-3.wav,개 짖는 소리
175915-3-1-8.wav,개 짖는 소리
175917-3-0-3.wav,개 짖는 소리
175917-3-1-1.wav,개 짖는 소리
175917-3-2-2.wav,개 짖는 소리
175917-3-4-1.wav,개 짖는 소리
17615-3-0-0.wav,개 짖는 소리
17615-3-0-3.wav,개 짖는 소리
17615-3-0-4.wav,개 짖는 소리
17615-3-0-6.wav,개 짖는 소리
176257-3-0-0.wav,개 짖는 소리
176258-3-1-12.wav,개 짖는 소리
176258-3-1-13.wav,개 짖는 소리
176258-3-1-18.wav,개 짖는 소리
176258-3-1-2.wav,개 짖는 소리
176783-3-0-11.wav,개 짖는 소리
176783-3-0-3.wav,개 짖는 소리
176783-3-0-5.wav,개 짖는 소리
176783-3-1-0.wav,개 짖는 소리
177620-3-0-20.wav,개 짖는 소리
177620-3-0-21.wav,개 짖는 소리
177620-3-0-25.wav,개 짖는 소리
177620-3-0-8.wav,개 짖는 소리
17810-3-0-0.wav,개 짖는 소리
17810-3-1-0.wav,개 짖는 소리
178118-3-0-0.wav,개 짖는 소리
178118-3-1-0.wav,개 짖는 소리
178118-3-2-0.wav,개 짖는 소리
178497-3-0-1.wav,개 짖는 소리
178497-3-0-3.wav,개 짖는 소리
178497-3-0-4.wav,개 짖는 소리
178497-3-0-6.wav,개 짖는 소리
179096-3-0-1.wav,개 짖는 소리
179096-3-0-10.wav,개 짖는 소리
179096-3-0-5.wav,개 짖는 소리
179096-3-0-9.wav,개 짖는 소리
179386-3-0-0.wav,개 짖는 소리
179386-3-0-1.wav,개 짖는 소리
179386-3-0-2.wav,개 짖는 소리
179386-3-0-3.wav,개 짖는 소리
180052-3-0-0.wav,개 짖는 소리
180052-3-0-1.wav,개 짖는 소리
180052-3-0-3.wav,개 짖는 소리
180052-3-0-4.wav,개 짖는 소리
180256-3-0-0.wav,개 짖는 소리
180256-3-0-1.wav,개 짖는 소리
180256-3-0-2.wav,개 짖는 소리
180256-3-0-3.wav,개 짖는 소리
180257-3-0-1.wav,개 짖는 소리
180257-3-0-3.wav,개 짖는 소리
180257-3-0-4.wav,개 짖는 소리
180257-3-0-5.wav,개 짖는 소리
180977-3-1-0.wav,개 짖는 소리
180977-3-1-1.wav,개 짖는 소리
180977-3-1-5.wav,개 짖는 소리
181725-3-0-16.wav,개 짖는 소리
181725-3-0-22.wav,개 짖는 소리
181725-3-0-37.wav,개 짖는 소리
183989-3-1-18.wav,개 짖는 소리
183989-3-1-21.wav,개 짖는 소리
183989-3-1-23.wav,개 짖는 소리
183989-3-1-25.wav,개 짖는 소리
183992-3-0-10.wav,개 짖는 소리
183992-3-0-3.wav,개 짖는 소리
183992-3-0-6.wav,개 짖는 소리
183992-3-0-9.wav,개 짖는 소리
18453-3-0-0.wav,개 짖는 소리
184575-3-0-0.wav,개 짖는 소리
184575-3-0-1.wav,개 짖는 소리
184575-3-0-2.wav,개 짖는 소리
184575-3-0-3.wav,개 짖는 소리
184725-3-0-1.wav,개 짖는 소리
184725-3-0-2.wav,개 짖는 소리
184725-3-0-4.wav,개 짖는 소리
184725-3-0-5.wav,개 짖는 소리
18581-3-0-0.wav,개 짖는 소리
18581-3-0-5.wav,개 짖는 소리
18581-3-1-1.wav,개 짖는 소리
18581-3-1-3.wav,개 짖는 소리
187378-3-0-12.wav,개 짖는 소리
187378-3-0-19.wav,개 짖는 소리
187378-3-0-30.wav,개 짖는 소리
187378-3-0-7.wav,개 짖는 소리
189846-3-0-0.wav,개 짖는 소리
189846-3-1-0.wav,개 짖는 소리
189846-3-3-0.wav,개 짖는 소리
189846-3-4-0.wav,개 짖는 소리
189895-3-0-0.wav,개 짖는 소리
190680-3-1-0.wav,개 짖는 소리
190680-3-4-0.wav,개 짖는 소리
190680-3-6-0.wav,개 짖는 소리
190996-3-0-0.wav,개 짖는 소리
190996-3-0-1.wav,개 짖는 소리
190996-3-0-8.wav,개 짖는 소리
191382-3-0-0.wav,개 짖는 소리
191382-3-0-5.wav,개 짖는 소리
191382-3-1-0.wav,개 짖는 소리
191382-3-1-1.wav,개 짖는 소리
191687-3-0-0.wav,개 짖는 소리
191687-3-0-11.wav,개 짖는 소리
191687-3-0-15.wav,개 짖는 소리
191687-3-0-5.wav,개 짖는 소리
19218-3-0-0.wav,개 짖는 소리
192236-3-0-2.wav,개 짖는 소리
192236-3-0-4.wav,개 짖는 소리
192236-3-0-6.wav,개 짖는 소리
192236-3-0-8.wav,개 짖는 소리
193394-3-0-10.wav,개 짖는 소리
193394-3-0-11.wav,개 짖는 소리
193394-3-0-4.wav,개 짖는 소리
193394-3-0-7.wav,개 짖는 소리
194753-3-0-0.wav,개 짖는 소리
194753-3-1-0.wav,개 짖는 소리
194753-3-2-0.wav,개 짖는 소리
194753-3-3-0.wav,개 짖는 소리
194754-3-0-0.wav,개 짖는 소리
194754-3-0-1.wav,개 짖는 소리
194754-3-0-2.wav,개 짖는 소리
19496-3-0-0.wav,개 짖는 소리
19496-3-1-0.wav,개 짖는 소리
19496-3-1-1.wav,개 짖는 소리
19503-3-0-0.wav,개 짖는 소리
19503-3-1-0.wav,개 짖는 소리
19503-3-2-0.wav,개 짖는 소리
196127-3-0-0.wav,개 짖는 소리
196127-3-0-1.wav,개 짖는 소리
196127-3-0-3.wav,개 짖는 소리
196127-3-0-4.wav,개 짖는 소리
196561-3-0-16.wav,개 짖는 소리
196561-3-0-29.wav,개 짖는 소리
196561-3-0-44.wav,개 짖는 소리
196561-3-0-9.wav,개 짖는 소리
197073-3-0-0.wav,개 짖는 소리
197073-3-3-0.wav,개 짖는 소리
197073-3-4-3.wav,개 짖는 소리
197073-3-7-0.wav,개 짖는 소리
197074-3-0-4.wav,개 짖는 소리
197074-3-0-5.wav,개 짖는 소리
197074-3-0-6.wav,개 짖는 소리
197075-3-1-1.wav,개 짖는 소리
197075-3-4-1.wav,개 짖는 소리
197075-3-6-0.wav,개 짖는 소리
197075-3-7-5.wav,개 짖는 소리
197080-3-0-1.wav,개 짖는 소리
197080-3-0-6.wav,개 짖는 소리
197080-3-0-7.wav,개 짖는 소리
197080-3-1-0.wav,개 짖는 소리
197243-3-0-0.wav,개 짖는 소리
197243-3-1-0.wav,개 짖는 소리
199261-3-0-0.wav,개 짖는 소리
199261-3-0-1.wav,개 짖는 소리
199261-3-0-2.wav,개 짖는 소리
199261-3-0-4.wav,개 짖는 소리
20015-3-0-12.wav,개 짖는 소리
20015-3-0-14.wav,개 짖는 소리
20015-3-0-19.wav,개 짖는 소리
20015-3-0-4.wav,개 짖는 소리
200161-3-6-0.wav,개 짖는 소리
200161-3-6-3.wav,개 짖는 소리
200161-3-6-4.wav,개 짖는 소리
200161-3-7-0.wav,개 짖는 소리
201207-3-0-0.wav,개 짖는 소리
201207-3-13-0.wav,개 짖는 소리
201207-3-21-0.wav,개 짖는 소리
201207-3-29-0.wav,개 짖는 소리
20285-3-0-0.wav,개 짖는 소리
20285-3-1-0.wav,개 짖는 소리
20285-3-1-1.wav,개 짖는 소리
20285-3-2-0.wav,개 짖는 소리
203128-3-1-0.wav,개 짖는 소리
203128-3-3-0.wav,개 짖는 소리
203128-3-6-0.wav,개 짖는 소리
203128-3-9-0.wav,개 짖는 소리
203355-3-0-0.wav,개 짖는 소리
203355-3-1-0.wav,개 짖는 소리
203356-3-0-0.wav,개 짖는 소리
203356-3-0-1.wav,개 짖는 소리
203356-3-0-2.wav,개 짖는 소리
203356-3-0-3.wav,개 짖는 소리
203440-3-0-0.wav,개 짖는 소리
203440-3-0-1.wav,개 짖는 소리
203440-3-0-5.wav,개 짖는 소리
203440-3-0-6.wav,개 짖는 소리
203516-3-0-0.wav,개 짖는 소리
204773-3-7-1.wav,개 짖는 소리
204773-3-8-0.wav,개 짖는 소리
204773-3-9-0.wav,개 짖는 소리
204773-3-9-1.wav,개 짖는 소리
204919-3-0-0.wav,개 짖는 소리
204919-3-1-0.wav,개 짖는 소리
204919-3-3-0.wav,개 짖는 소리
204919-3-4-0.wav,개 짖는 소리
20571-3-0-0.wav,개 짖는 소리
20571-3-1-0.wav,개 짖는 소리
207124-3-0-0.wav,개 짖는 소리
207124-3-1-0.wav,개 짖는 소리
207124-3-2-0.wav,개 짖는 소리
207369-3-0-0.wav,개 짖는 소리
207962-3-0-0.wav,개 짖는 소리
207962-3-1-0.wav,개 짖는 소리
207962-3-2-0.wav,개 짖는 소리
208030-3-0-0.wav,개 짖는 소리
208030-3-1-0.wav,개 짖는 소리
208030-3-2-0.wav,개 짖는 소리
208030-3-4-0.wav,개 짖는 소리
20841-3-2-0.wav,개 짖는 소리
20841-3-3-0.wav,개 짖는 소리
20841-3-4-0.wav,개 짖는 소리
20841-3-6-0.wav,개 짖는 소리
209672-3-0-0.wav,개 짖는 소리
209672-3-3-0.wav,개 짖는 소리
209672-3-6-0.wav,개 짖는 소리
209672-3-8-0.wav,개 짖는 소리
22347-3-0-0.wav,개 짖는 소리
22347-3-1-1.wav,개 짖는 소리
22347-3-1-2.wav,개 짖는 소리
22347-3-3-0.wav,개 짖는 소리
22973-3-0-0.wav,개 짖는 소리
22973-3-0-1.wav,개 짖는 소리
22973-3-0-2.wav,개 짖는 소리
23131-3-0-0.wav,개 짖는 소리
23131-3-2-0.wav,개 짖는 소리
23131-3-4-0.wav,개 짖는 소리
23131-3-5-0.wav,개 짖는 소리
24965-3-0-0.wav,개 짖는 소리
24965-3-1-0.wav,개 짖는 소리
24965-3-2-0.wav,개 짖는 소리
24965-3-3-0.wav,개 짖는 소리
26255-3-0-0.wav,개 짖는 소리
26255-3-13-1.wav,개 짖는 소리
26255-3-6-0.wav,개 짖는 소리
26255-3-8-0.wav,개 짖는 소리
26256-3-4-0.wav,개 짖는 소리
26256-3-5-22.wav,개 짖는 소리
26256-3-6-6.wav,개 짖는 소리
26256-3-7-36.wav,개 짖는 소리
27216-3-0-18.wav,개 짖는 소리
27216-3-0-21.wav,개 짖는 소리
27216-3-0-24.wav,개 짖는 소리
27216-3-0-9.wav,개 짖는 소리
27217-3-0-13.wav,개 짖는 소리
27217-3-0-22.wav,개 짖는 소리
27217-3-0-6.wav,개 짖는 소리
27349-3-0-2.wav,개 짖는 소리
27349-3-0-6.wav,개 짖는 소리
27349-3-1-2.wav,개 짖는 소리
27349-3-2-1.wav,개 짖는 소리
28284-3-0-0.wav,개 짖는 소리
28284-3-0-1.wav,개 짖는 소리
28284-3-1-0.wav,개 짖는 소리
29936-3-0-0.wav,개 짖는 소리
29936-3-1-0.wav,개 짖는 소리
29936-3-2-0.wav,개 짖는 소리
29936-3-3-0.wav,개 짖는 소리
29937-3-0-14.wav,개 짖는 소리
29937-3-0-4.wav,개 짖는 소리
29937-3-0-6.wav,개 짖는 소리
29937-3-0-8.wav,개 짖는 소리
30226-3-1-0.wav,개 짖는 소리
30226-3-1-1.wav,개 짖는 소리
30226-3-1-3.wav,개 짖는 소리
30226-3-1-5.wav,개 짖는 소리
30344-3-0-0.wav,개 짖는 소리
30344-3-0-1.wav,개 짖는 소리
30344-3-0-3.wav,개 짖는 소리
30344-3-0-4.wav,개 짖는 소리
30832-3-1-0.wav,개 짖는 소리
30832-3-12-0.wav,개 짖는 소리
30832-3-5-1.wav,개 짖는 소리
30832-3-7-0.wav,개 짖는 소리
31323-3-0-1.wav,개 짖는 소리
31323-3-0-2.wav,개 짖는 소리
31323-3-0-20.wav,개 짖는 소리
31323-3-0-22.wav,개 짖는 소리
31325-3-1-0.wav,개 짖는 소리
31325-3-1-1.wav,개 짖는 소리
31325-3-3-6.wav,개 짖는 소리
31325-3-4-0.wav,개 짖는 소리
31840-3-0-0.wav,개 짖는 소리
31840-3-1-0.wav,개 짖는 소리
32318-3-0-0.wav,개 짖는 소리
32318-3-0-1.wav,개 짖는 소리
33641-3-1-0.wav,개 짖는 소리
33641-3-7-0.wav,개 짖는 소리
33641-3-8-0.wav,개 짖는 소리
33641-3-9-0.wav,개 짖는 소리
33696-3-0-0.wav,개 짖는 소리
33696-3-4-0.wav,개 짖는 소리
33696-3-4-1.wav,개 짖는 소리
33696-3-6-1.wav,개 짖는 소리
33849-3-0-0.wav,개 짖는 소리
33849-3-2-0.wav,개 짖는 소리
33849-3-3-0.wav,개 짖는 소리
33849-3-4-0.wav,개 짖는 소리
344-3-0-0.wav,개 짖는 소리
344-3-1-0.wav,개 짖는 소리
344-3-4-0.wav,개 짖는 소리
344-3-5-0.wav,개 짖는 소리
34771-3-0-10.wav,개 짖는 소리
34771-3-0-14.wav,개 짖는 소리
34771-3-0-4.wav,개 짖는 소리
34771-3-0-5.wav,개 짖는 소리
34871-3-11-0.wav,개 짖는 소리
34871-3-6-0.wav,개 짖는 소리
34871-3-8-0.wav,개 짖는 소리
34871-3-9-0.wav,개 짖는 소리
34872-3-0-0.wav,개 짖는 소리
34872-3-0-1.wav,개 짖는 소리
34872-3-0-2.wav,개 짖는 소리
34931-3-0-0.wav,개 짖는 소리
35296-3-0-0.wav,개 짖는 소리
35296-3-1-0.wav,개 짖는 소리
35296-3-2-0.wav,개 짖는 소리
35628-3-0-0.wav,개 짖는 소리
35629-3-0-0.wav,개 짖는 소리
35629-3-1-0.wav,개 짖는 소리
35629-3-2-0.wav,개 짖는 소리
35629-3-3-0.wav,개 짖는 소리
36902-3-0-0.wav,개 짖는 소리
36902-3-1-0.wav,개 짖는 소리
36902-3-2-0.wav,개 짖는 소리
37869-3-0-0.wav,개 짖는 소리
37869-3-1-0.wav,개 짖는 소리
37869-3-3-0.wav,개 짖는 소리
37869-3-5-0.wav,개 짖는 소리
38121-3-0-0.wav,개 짖는 소리
38231-3-0-0.wav,개 짖는 소리
38231-3-2-0.wav,개 짖는 소리
38231-3-3-0.wav,개 짖는 소리
38231-3-4-0.wav,개 짖는 소리
38236-3-2-2.wav,개 짖는 소리
38236-3-2-3.wav,개 짖는 소리
38236-3-3-0.wav,개 짖는 소리
41306-3-0-10.wav,개 짖는 소리
41306-3-0-13.wav,개 짖는 소리
41306-3-0-4.wav,개 짖는 소리
41372-3-0-25.wav,개 짖는 소리
41372-3-0-36.wav,개 짖는 소리
41372-3-0-39.wav,개 짖는 소리
41372-3-0-51.wav,개 짖는 소리
41918-3-0-0.wav,개 짖는 소리
41918-3-0-1.wav,개 짖는 소리
4201-3-0-0.wav,개 짖는 소리
4201-3-1-0.wav,개 짖는 소리
4201-3-2-0.wav,개 짖는 소리
4201-3-3-0.wav,개 짖는 소리
42371-3-0-0.wav,개 짖는 소리
43784-3-0-0.wav,개 짖는 소리
43784-3-1-0.wav,개 짖는 소리
43786-3-0-0.wav,개 짖는 소리
43786-3-1-0.wav,개 짖는 소리
43787-3-0-0.wav,개 짖는 소리
43787-3-1-0.wav,개 짖는 소리
43787-3-2-0.wav,개 짖는 소리
43787-3-3-0.wav,개 짖는 소리
44110-3-0-0.wav,개 짖는 소리
44110-3-1-0.wav,개 짖는 소리
44110-3-3-0.wav,개 짖는 소리
44110-3-4-0.wav,개 짖는 소리
44831-3-0-0.wav,개 짖는 소리
44831-3-1-0.wav,개 짖는 소리
44831-3-2-0.wav,개 짖는 소리
47926-3-0-0.wav,개 짖는 소리
47926-3-1-0.wav,개 짖는 소리
47926-3-2-0.wav,개 짖는 소리
47926-3-3-0.wav,개 짖는 소리
4910-3-0-0.wav,개 짖는 소리
4911-3-0-0.wav,개 짖는 소리
4912-3-0-0.wav,개 짖는 소리
4912-3-1-0.wav,개 짖는 소리
4912-3-2-0.wav,개 짖는 소리
4912-3-3-0.wav,개 짖는 소리
4918-3-0-0.wav,개 짖는 소리
4918-3-1-0.wav,개 짖는 소리
4918-3-3-0.wav,개 짖는 소리
4918-3-4-0.wav,개 짖는 소리
49808-3-0-6.wav,개 짖는 소리
49808-3-1-22.wav,개 짖는 소리
49808-3-1-8.wav,개 짖는 소리
49809-3-0-0.wav,개 짖는 소리
49809-3-3-0.wav,개 짖는 소리
49809-3-4-0.wav,개 짖는 소리
50223-3-0-1.wav,개 짖는 소리
50223-3-0-10.wav,개 짖는 소리
50223-3-0-3.wav,개 짖는 소리
50223-3-0-6.wav,개 짖는 소리
50612-3-0-0.wav,개 짖는 소리
50613-3-0-0.wav,개 짖는 소리
50614-3-0-0.wav,개 짖는 소리
50885-3-0-2.wav,개 짖는 소리
50885-3-0-3.wav,개 짖는 소리
50885-3-0-4.wav,개 짖는 소리
50885-3-0-5.wav,개 짖는 소리
51022-3-13-0.wav,개 짖는 소리
51022-3-29-0.wav,개 짖는 소리
51022-3-30-4.wav,개 짖는 소리
51022-3-7-0.wav,개 짖는 소리
51024-3-0-16.wav,개 짖는 소리
51024-3-0-2.wav,개 짖는 소리
51024-3-0-23.wav,개 짖는 소리
51024-3-0-3.wav,개 짖는 소리
51027-3-0-7.wav,개 짖는 소리
51027-3-0-9.wav,개 짖는 소리
51027-3-1-1.wav,개 짖는 소리
51027-3-1-4.wav,개 짖는 소리
52077-3-0-13.wav,개 짖는 소리
52077-3-0-17.wav,개 짖는 소리
52077-3-0-3.wav,개 짖는 소리
52077-3-0-8.wav,개 짖는 소리
52171-3-2-0.wav,개 짖는 소리
52171-3-3-0.wav,개 짖는 소리
52171-3-6-0.wav,개 짖는 소리
52171-3-6-1.wav,개 짖는 소리
52441-3-0-0.wav,개 짖는 소리
52441-3-0-13.wav,개 짖는 소리
52441-3-0-8.wav,개 짖는 소리
52441-3-1-2.wav,개 짖는 소리
52633-3-0-1.wav,개 짖는 소리
52633-3-0-2.wav,개 짖는 소리
52633-3-0-8.wav,개 짖는 소리
52633-3-0-9.wav,개 짖는 소리
52740-3-0-0.wav,개 짖는 소리
52740-3-0-1.wav,개 짖는 소리
52740-3-0-2.wav,개 짖는 소리
52740-3-0-3.wav,개 짖는 소리
54545-3-0-0.wav,개 짖는 소리
54545-3-0-1.wav,개 짖는 소리
54545-3-0-2.wav,개 짖는 소리
54823-3-0-0.wav,개 짖는 소리
54823-3-1-0.wav,개 짖는 소리
54823-3-2-1.wav,개 짖는 소리
54858-3-0-0.wav,개 짖는 소리
54858-3-1-2.wav,개 짖는 소리
54858-3-2-0.wav,개 짖는 소리
55013-3-0-1.wav,개 짖는 소리
55013-3-0-3.wav,개 짖는 소리
55013-3-0-4.wav,개 짖는 소리
55013-3-0-7.wav,개 짖는 소리
57105-3-0-1.wav,개 짖는 소리
57105-3-1-0.wav,개 짖는 소리
57105-3-4-2.wav,개 짖는 소리
57105-3-4-4.wav,개 짖는 소리
57553-3-0-0.wav,개 짖는 소리
57553-3-1-0.wav,개 짖는 소리
57553-3-2-0.wav,개 짖는 소리
57596-3-0-0.wav,개 짖는 소리
57596-3-1-0.wav,개 짖는 소리
58382-3-0-0.wav,개 짖는 소리
59513-3-0-0.wav,개 짖는 소리
59513-3-0-1.wav,개 짖는 소리
59513-3-0-3.wav,개 짖는 소리
59513-3-0-4.wav,개 짖는 소리
59800-3-0-0.wav,개 짖는 소리
59800-3-1-0.wav,개 짖는 소리
59800-3-2-0.wav,개 짖는 소리
59800-3-3-1.wav,개 짖는 소리
61077-3-0-0.wav,개 짖는 소리
61077-3-1-0.wav,개 짖는 소리
61077-3-2-0.wav,개 짖는 소리
61077-3-3-0.wav,개 짖는 소리
61250-3-0-31.wav,개 짖는 소리
61250-3-0-36.wav,개 짖는 소리
61250-3-0-47.wav,개 짖는 소리
61250-3-0-62.wav,개 짖는 소리
62048-3-0-2.wav,개 짖는 소리
62048-3-0-3.wav,개 짖는 소리
62048-3-0-4.wav,개 짖는 소리
62048-3-0-5.wav,개 짖는 소리
63261-3-0-0.wav,개 짖는 소리
63261-3-0-1.wav,개 짖는 소리
63292-3-0-0.wav,개 짖는 소리
63292-3-0-1.wav,개 짖는 소리
63932-3-0-1.wav,개 짖는 소리
63932-3-0-2.wav,개 짖는 소리
63932-3-1-0.wav,개 짖는 소리
63932-3-1-1.wav,개 짖는 소리
65381-3-0-3.wav,개 짖는 소리
65381-3-0-6.wav,개 짖는 소리
65381-3-0-7.wav,개 짖는 소리
65745-3-0-21.wav,개 짖는 소리
65745-3-0-49.wav,개 짖는 소리
65745-3-0-61.wav,개 짖는 소리
65745-3-0-88.wav,개 짖는 소리
65749-3-1-12.wav,개 짖는 소리
65749-3-1-14.wav,개 짖는 소리
65749-3-1-24.wav,개 짖는 소리
65749-3-1-9.wav,개 짖는 소리
65750-3-0-5.wav,개 짖는 소리
65750-3-3-48.wav,개 짖는 소리
65750-3-3-68.wav,개 짖는 소리
65750-3-3-74.wav,개 짖는 소리
66587-3-0-0.wav,개 짖는 소리
66587-3-1-0.wav,개 짖는 소리
66587-3-2-0.wav,개 짖는 소리
66587-3-3-0.wav,개 짖는 소리
67049-3-0-0.wav,개 짖는 소리
67049-3-0-1.wav,개 짖는 소리
67049-3-0-2.wav,개 짖는 소리
68389-3-0-0.wav,개 짖는 소리
68389-3-1-0.wav,개 짖는 소리
68389-3-2-0.wav,개 짖는 소리
69661-3-0-14.wav,개 짖는 소리
69661-3-0-23.wav,개 짖는 소리
69661-3-0-29.wav,개 짖는 소리
69777-3-0-0.wav,개 짖는 소리
69777-3-0-1.wav,개 짖는 소리
69777-3-0-2.wav,개 짖는 소리
69883-3-0-20.wav,개 짖는 소리
69883-3-0-5.wav,개 짖는 소리
69883-3-0-9.wav,개 짖는 소리
70098-3-0-0.wav,개 짖는 소리
70098-3-1-0.wav,개 짖는 소리
70098-3-2-0.wav,개 짖는 소리
70098-3-3-0.wav,개 짖는 소리
70168-3-1-11.wav,개 짖는 소리
70168-3-1-13.wav,개 짖는 소리
70168-3-1-20.wav,개 짖는 소리
70168-3-1-24.wav,개 짖는 소리
71312-3-0-1.wav,개 짖는 소리
71312-3-0-2.wav,개 짖는 소리
71312-3-0-4.wav,개 짖는 소리
71312-3-0-5.wav,개 짖는 소리
71700-3-3-2.wav,개 짖는 소리
71700-3-4-0.wav,개 짖는 소리
71700-3-4-1.wav,개 짖는 소리
71700-3-4-3.wav,개 짖는 소리
72220-3-0-0.wav,개 짖는 소리
72220-3-2-2.wav,개 짖는 소리
72220-3-2-3.wav,개 짖는 소리
72220-3-2-4.wav,개 짖는 소리
72221-3-1-0.wav,개 짖는 소리
72221-3-4-1.wav,개 짖는 소리
72221-3-4-5.wav,개 짖는 소리
72221-3-4-7.wav,개 짖는 소리
72261-3-0-17.wav,개 짖는 소리
72261-3-0-23.wav,개 짖는 소리
72261-3-0-27.wav,개 짖는 소리
72261-3-0-6.wav,개 짖는 소리
72265-3-15-0.wav,개 짖는 소리
72265-3-4-0.wav,개 짖는 소리
72265-3-5-0.wav,개 짖는 소리
72265-3-7-0.wav,개 짖는 소리
72537-3-0-2.wav,개 짖는 소리
72537-3-0-6.wav,개 짖는 소리
72537-3-0-8.wav,개 짖는 소리
72538-3-0-0.wav,개 짖는 소리
72538-3-0-1.wav,개 짖는 소리
72538-3-0-3.wav,개 짖는 소리
72538-3-0-4.wav,개 짖는 소리
72539-3-0-1.wav,개 짖는 소리
72539-3-0-5.wav,개 짖는 소리
72539-3-0-6.wav,개 짖는 소리
72539-3-0-8.wav,개 짖는 소리
72579-3-0-0.wav,개 짖는 소리
72579-3-0-2.wav,개 짖는 소리
72579-3-0-3.wav,개 짖는 소리
72579-3-0-4.wav,개 짖는 소리
72723-3-0-0.wav,개 짖는 소리
72724-3-1-0.wav,개 짖는 소리
72724-3-2-7.wav,개 짖는 소리
72724-3-2-8.wav,개 짖는 소리
72724-3-2-9.wav,개 짖는 소리
72829-3-0-0.wav,개 짖는 소리
72829-3-0-1.wav,개 짖는 소리
72829-3-0-2.wav,개 짖는 소리
73373-3-0-0.wav,개 짖는 소리
7383-3-0-0.wav,개 짖는 소리
7383-3-0-1.wav,개 짖는 소리
7383-3-1-0.wav,개 짖는 소리
74495-3-0-0.wav,개 짖는 소리
74495-3-0-1.wav,개 짖는 소리
74513-3-0-0.wav,개 짖는 소리
74513-3-0-3.wav,개 짖는 소리
74513-3-0-5.wav,개 짖는 소리
74513-3-0-6.wav,개 짖는 소리
74723-3-0-0.wav,개 짖는 소리
74723-3-0-1.wav,개 짖는 소리
74723-3-0-2.wav,개 짖는 소리
74725-3-0-0.wav,개 짖는 소리
74725-3-0-1.wav,개 짖는 소리
74950-3-0-0.wav,개 짖는 소리
74950-3-2-4.wav,개 짖는 소리
74950-3-2-5.wav,개 짖는 소리
76566-3-0-11.wav,개 짖는 소리
76566-3-0-3.wav,개 짖는 소리
76566-3-0-6.wav,개 짖는 소리
76566-3-0-8.wav,개 짖는 소리
76640-3-0-0.wav,개 짖는 소리
77233-3-0-105.wav,개 짖는 소리
77233-3-0-67.wav,개 짖는 소리
77233-3-0-7.wav,개 짖는 소리
77233-3-0-79.wav,개 짖는 소리
77674-3-0-0.wav,개 짖는 소리
77927-3-0-0.wav,개 짖는 소리
77927-3-0-1.wav,개 짖는 소리
77927-3-0-2.wav,개 짖는 소리
77927-3-1-1.wav,개 짖는 소리
7913-3-0-0.wav,개 짖는 소리
7913-3-1-0.wav,개 짖는 소리
7913-3-2-0.wav,개 짖는 소리
7913-3-3-0.wav,개 짖는 소리
79584-3-0-4.wav,개 짖는 소리
79584-3-0-5.wav,개 짖는 소리
79584-3-0-8.wav,개 짖는 소리
79584-3-1-2.wav,개 짖는 소리
7965-3-11-0.wav,개 짖는 소리
7965-3-16-0.wav,개 짖는 소리
7965-3-22-0.wav,개 짖는 소리
7965-3-3-0.wav,개 짖는 소리
7975-3-0-0.wav,개 짖는 소리
81722-3-0-21.wav,개 짖는 소리
81722-3-0-22.wav,개 짖는 소리
81722-3-0-26.wav,개 짖는 소리
81722-3-0-28.wav,개 짖는 소리
81791-3-0-0.wav,개 짖는 소리
81791-3-0-1.wav,개 짖는 소리
81791-3-1-0.wav,개 짖는 소리
81799-3-0-0.wav,개 짖는 소리
81799-3-0-1.wav,개 짖는 소리
81799-3-1-0.wav,개 짖는 소리
81799-3-1-2.wav,개 짖는 소리
82024-3-0-4.wav,개 짖는 소리
82024-3-0-5.wav,개 짖는 소리
82024-3-0-6.wav,개 짖는 소리
82024-3-0-8.wav,개 짖는 소리
82811-3-0-1.wav,개 짖는 소리
82811-3-0-2.wav,개 짖는 소리
82811-3-3-0.wav,개 짖는 소리
82811-3-4-0.wav,개 짖는 소리
84317-3-0-0.wav,개 짖는 소리
85362-3-0-0.wav,개 짖는 소리
85362-3-1-0.wav,개 짖는 소리
85362-3-2-0.wav,개 짖는 소리
85362-3-3-0.wav,개 짖는 소리
85544-3-5-0.wav,개 짖는 소리
85544-3-6-0.wav,개 짖는 소리
85544-3-7-0.wav,개 짖는 소리
85574-3-0-0.wav,개 짖는 소리
85574-3-0-12.wav,개 짖는 소리
85574-3-0-2.wav,개 짖는 소리
85574-3-0-8.wav,개 짖는 소리
85661-3-0-0.wav,개 짖는 소리
85662-3-0-0.wav,개 짖는 소리
85663-3-0-0.wav,개 짖는 소리
85664-3-0-0.wav,개 짖는 소리
85665-3-0-0.wav,개 짖는 소리
86279-3-0-0.wav,개 짖는 소리
86284-3-0-0.wav,개 짖는 소리
86284-3-1-0.wav,개 짖는 소리
89207-3-0-0.wav,개 짖는 소리
89209-3-0-0.wav,개 짖는 소리
89210-3-0-0.wav,개 짖는 소리
89211-3-0-0.wav,개 짖는 소리
89212-3-0-0.wav,개 짖는 소리
89213-3-0-0.wav,개 짖는 소리
9031-3-1-0.wav,개 짖는 소리
9031-3-2-0.wav,개 짖는 소리
9031-3-3-0.wav,개 짖는 소리
9031-3-4-0.wav,개 짖는 소리
9032-3-0-0.wav,개 짖는 소리
9032-3-1-0.wav,개 짖는 소리
9032-3-2-0.wav,개 짖는 소리
95404-3-0-0.wav,개 짖는 소리
95404-3-0-1.wav,개 짖는 소리
95404-3-0-4.wav,개 짖는 소리
95404-3-0-5.wav,개 짖는 소리
95532-3-0-0.wav,개 짖는 소리
95536-3-0-1.wav,개 짖는 소리
95536-3-0-2.wav,개 짖는 소리
95536-3-0-4.wav,개 짖는 소리
95536-3-0-5.wav,개 짖는 소리
95549-3-0-14.wav,개 짖는 소리
95549-3-0-20.wav,개 짖는 소리
95549-3-0-6.wav,개 짖는 소리
95549-3-0-7.wav,개 짖는 소리
97193-3-0-0.wav,개 짖는 소리
97193-3-0-1.wav,개 짖는 소리
97193-3-0-4.wav,개 짖는 소리
97193-3-0-6.wav,개 짖는 소리
97392-3-0-0.wav,개 짖는 소리
97756-3-0-0.wav,개 짖는 소리
99185-3-0-0.wav,개 짖는 소리
S-210915_S_101_D_002_0001.mp3,구급차 사이렌
S-211007_S_101_D_001_0001.mp3,구급차 사이렌
S-211013_S_104_D_049_0001.mp3,자동차 경적
S-211013_S_104_D_051_0001.mp3,자동차 경적
S-211013_S_104_D_052_0001.mp3,자동차 경적
S-211013_S_104_D_055_0001.mp3,자동차 경적
S-211013_S_104_D_056_0001.mp3,자동차 경적
S-211013_S_104_D_058_0001.mp3,자동차 경적
S-211013_S_104_D_059_0001.mp3,자동차 경적
S-211013_S_104_D_060_0001.mp3,자동차 경적
S-211013_S_104_D_062_0001.mp3,자동차 경적
S-211013_S_104_D_064_0001.mp3,자동차 경적
S-211013_S_104_D_066_0001.mp3,자동차 경적
S-211013_S_104_D_067_0001.mp3,자동차 경적
S-211013_S_104_D_069_0001.mp3,자동차 경적
S-211013_S_104_D_071_0001.mp3,자동차 경적
S-211013_S_104_D_073_0001.mp3,자동차 경적
S-211013_S_104_D_075_0001.mp3,자동차 경적
S-211013_S_104_D_077_0001.mp3,자동차 경적
S-211013_S_104_D_078_0001.mp3,자동차 경적
S-211013_S_104_D_081_0001.mp3,자동차 경적
S-211013_S_104_D_082_0001.mp3,자동차 경적
S-211013_S_104_D_083_0001.mp3,자동차 경적
S-211013_S_104_D_085_0001.mp3,자동차 경적
S-211013_S_104_D_087_0001.mp3,자동차 경적
S-211013_S_104_D_089_0001.mp3,자동차 경적
S-211013_S_104_D_090_0001.mp3,자동차 경적
S-211013_S_104_D_091_0001.mp3,자동차 경적
S-211013_S_104_D_093_0001.mp3,자동차 경적
S-211013_S_104_D_094_0001.mp3,자동차 경적
S-211013_S_104_D_097_0001.mp3,자동차 경적
S-211013_S_104_D_098_0001.mp3,자동차 경적
S-211013_S_104_D_099_0001.mp3,자동차 경적
S-211013_S_104_D_101_0001.mp3,자동차 경적
S-211013_S_104_D_102_0001.mp3,자동차 경적
S-211013_S_104_D_106_0001.mp3,자동차 경적
S-211013_S_104_D_108_0001.mp3,자동차 경적
S-211013_S_104_D_110_0001.mp3,자동차 경적
S-211013_S_104_D_113_0001.mp3,자동차 경적
S-211013_S_104_D_114_0001.mp3,자동차 경적
S-211013_S_104_D_115_0001.mp3,자동차 경적
S-211013_S_104_D_116_0001.mp3,자동차 경적
S-211013_S_104_D_118_0001.mp3,자동차 경적
S-211013_S_104_D_127_0001.mp3,자동차 경적
S-211013_S_104_D_138_0001.mp3,자동차 경적
S-211013_S_104_D_145_0001.mp3,자동차 경적
S-211013_S_104_D_157_0001.mp3,자동차 경적
S-211013_S_104_D_181_0001.mp3,자동차 경적
S-211013_S_104_D_190_0001.mp3,자동차 경적
S-211013_S_104_D_196_0001.mp3,자동차 경적
S-211013_S_104_D_206_0001.mp3,자동차 경적
S-211013_S_104_D_225_0001.mp3,자동차 경적
S-211014_S_101_C_003_0001.mp3,경찰차 사이렌
S-211014_S_101_C_004_0001.mp3,경찰차 사이렌
S-211014_S_103_C_125_0001.mp3,화재 경보
S-211014_S_103_C_126_0001.mp3,화재 경보
S-211014_S_103_C_127_0001.mp3,화재 경보
S-211014_S_103_C_128_0001.mp3,화재 경보
S-211014_S_103_C_129_0001.mp3,화재 경보
S-211014_S_103_C_130_0001.mp3,화재 경보
S-211014_S_103_C_131_0001.mp3,화재 경보
S-211014_S_103_C_132_0001.mp3,화재 경보
S-211014_S_103_C_133_0001.mp3,화재 경보
S-211014_S_103_C_134_0001.mp3,화재 경보
S-211014_S_103_C_136_0001.mp3,화재 경보
S-211014_S_103_C_137_0001.mp3,화재 경보
S-211014_S_103_C_138_0001.mp3,화재 경보
S-211014_S_103_C_139_0001.mp3,화재 경보
S-211014_S_103_C_140_0001.mp3,화재 경보
S-211014_S_103_C_141_0001.mp3,화재 경보
S-211014_S_103_C_143_0001.mp3,화재 경보
S-211014_S_103_C_144_0001.mp3,화재 경보
S-211014_S_103_C_145_0001.mp3,화재 경보
S-211014_S_103_C_146_0001.mp3,화재 경보
S-211014_S_103_C_147_0001.mp3,화재 경보
S-211014_S_103_C_148_0001.mp3,화재 경보
S-211014_S_103_C_149_0001.mp3,화재 경보
S-211014_S_103_C_150_0001.mp3,화재 경보
S-211014_S_103_C_151_0001.mp3,화재 경보
S-211014_S_103_C_152_0001.mp3,화재 경보
S-211014_S_103_C_161_0001.mp3,화재 경보
S-211014_S_103_C_162_0001.mp3,화재 경보
S-211014_S_103_C_164_0001.mp3,화재 경보
S-211014_S_103_C_165_0001.mp3,화재 경보
S-211014_S_103_C_166_0001.mp3,화재 경보
S-211014_S_103_C_193_0001.mp3,화재 경보
S-211014_S_103_C_194_0001.mp3,화재 경보
S-211014_S_103_C_195_0001.mp3,화재 경보
S-211014_S_103_C_196_0001.mp3,화재 경보
S-211014_S_103_C_197_0001.mp3,화재 경보
S-211014_S_103_C_198_0001.mp3,화재 경보
S-211014_S_103_C_199_0001.mp3,화재 경보
S-211014_S_103_C_200_0001.mp3,화재 경보
S-211014_S_103_C_201_0001.mp3,화재 경보
S-211014_S_103_C_202_0001.mp3,화재 경보
S-211014_S_103_C_203_0001.mp3,화재 경보
S-211014_S_103_C_204_0001.mp3,화재 경보
S-211014_S_103_C_214_0001.mp3,화재 경보
S-211014_S_103_C_215_0001.mp3,화재 경보
S-211014_S_103_C_216_0001.mp3,화재 경보
S-211014_S_103_C_217_0001.mp3,화재 경보
S-211014_S_103_C_218_0001.mp3,화재 경보
S-211014_S_103_C_219_0001.mp3,화재 경보
S-211014_S_103_C_220_0001.mp3,화재 경보
S-211014_S_103_C_221_0001.mp3,화재 경보
S-211014_S_103_C_222_0001.mp3,화재 경보
S-211014_S_103_C_223_0001.mp3,화재 경보
S-211014_S_103_C_225_0001.mp3,화재 경보
S-211014_S_103_C_229_0001.mp3,화재 경보
S-211014_S_103_C_230_0001.mp3,화재 경보
S-211014_S_103_C_231_0001.mp3,화재 경보
S-211014_S_103_C_232_0001.mp3,화재 경보
S-211014_S_103_C_233_0001.mp3,화재 경보
S-211014_S_103_C_234_0001.mp3,화재 경보
S-211014_S_103_C_235_0001.mp3,화재 경보
S-211014_S_103_C_236_0001.mp3,화재 경보
S-211014_S_103_C_240_0001.mp3,화재 경보
S-211014_S_103_C_241_0001.mp3,화재 경보
S-211014_S_103_C_242_0001.mp3,화재 경보
S-211014_S_103_C_243_0001.mp3,화재 경보
S-211014_S_103_C_247_0001.mp3,화재 경보
S-211014_S_103_C_248_0001.mp3,화재 경보
S-211014_S_103_C_249_0001.mp3,화재 경보
S-211014_S_103_C_250_0001.mp3,화재 경보
S-211014_S_103_C_251_0001.mp3,화재 경보
S-211014_S_103_C_252_0001.mp3,화재 경보
S-211014_S_103_C_253_0001.mp3,화재 경보
S-211014_S_103_C_254_0001.mp3,화재 경보
S-211014_S_103_C_255_0001.mp3,화재 경보
S-211014_S_103_C_257_0001.mp3,화재 경보
S-211014_S_103_C_258_0001.mp3,화재 경보
S-211014_S_103_C_259_0001.mp3,화재 경보
S-211014_S_103_C_260_0001.mp3,화재 경보
S-211014_S_103_C_269_0001.mp3,화재 경보
S-211014_S_103_C_270_0001.mp3,화재 경보
S-211014_S_103_C_272_0001.mp3,화재 경보
S-211014_S_103_C_273_0001.mp3,화재 경보
S-211014_S_103_C_274_0001.mp3,화재 경보
S-211014_S_103_C_275_0001.mp3,화재 경보
S-211014_S_103_C_276_0001.mp3,화재 경보
S-211014_S_103_C_277_0001.mp3,화재 경보
S-211014_S_103_C_279_0001.mp3,화재 경보
S-211014_S_103_C_280_0001.mp3,화재 경보
S-211014_S_103_C_281_0001.mp3,화재 경보
S-211014_S_103_C_282_0001.mp3,화재 경보
S-211014_S_103_C_283_0001.mp3,화재 경보
S-211014_S_103_C_284_0001.mp3,화재 경보
S-211014_S_103_C_285_0001.mp3,화재 경보
S-211014_S_103_C_286_0001.mp3,화재 경보
S-211014_S_103_C_287_0001.mp3,화재 경보
S-211014_S_103_C_288_0001.mp3,화재 경보
S-211014_S_103_C_355_0001.mp3,화재 경보
S-211014_S_103_C_356_0001.mp3,화재 경보
S-211014_S_103_C_357_0001.mp3,화재 경보
S-211014_S_103_C_358_0001.mp3,화재 경보
S-211014_S_103_C_359_0001.mp3,화재 경보
S-211014_S_103_C_360_0001.mp3,화재 경보
S-211014_S_103_C_361_0001.mp3,화재 경보
S-211014_S_103_C_362_0001.mp3,화재 경보
S-211014_S_103_C_363_0001.mp3,화재 경보
S-211014_S_103_C_364_0001.mp3,화재 경보
S-211014_S_103_C_365_0001.mp3,화재 경보
S-211014_S_104_C_001_0001.mp3,자동차 경적
S-211014_S_104_C_002_0001.mp3,자동차 경적
S-211015_S_103_C_001_0001.mp3,화재 경보
S-211015_S_103_C_008_0001.mp3,화재 경보
S-211015_S_104_C_003_0002.mp3,자동차 경적
S-211019_S_104_C_001_0001.mp3,자동차 경적
S-211019_S_104_C_002_0001.mp3,자동차 경적
S-211020_S_101_C_001_0001.mp3,소방차 사이렌
S-211024_S_101_C_001_0001.mp3,응급 경보
S-211024_S_101_C_014_0001.mp3,응급 경보
S-211024_S_101_C_022_0001.mp3,응급 경보
S-211024_S_101_C_035_0001.mp3,응급 경보
S-211024_S_101_C_038_0001.mp3,응급 경보
S-211024_S_101_C_041_0001.mp3,응급 경보
S-211024_S_101_C_045_0001.mp3,응급 경보
S-211024_S_101_C_047_0001.mp3,응급 경보
S-211024_S_101_C_049_0001.mp3,응급 경보
S-211024_S_101_C_060_0001.mp3,응급 경보
S-211024_S_101_C_066_0001.mp3,응급 경보
S-211024_S_101_C_074_0001.mp3,응급 경보
S-211024_S_101_C_076_0001.mp3,응급 경보
S-211024_S_101_C_079_0001.mp3,응급 경보
S-211024_S_101_C_095_0001.mp3,응급 경보
S-211024_S_101_C_105_0001.mp3,응급 경보
S-211024_S_101_C_108_0001.mp3,응급 경보
S-211024_S_101_C_110_0001.mp3,응급 경보
S-211024_S_101_C_112_0001.mp3,응급 경보
S-211024_S_101_C_115_0001.mp3,응급 경보
S-211024_S_101_C_117_0001.mp3,응급 경보
S-211024_S_101_C_120_0001.mp3,응급 경보
S-211024_S_101_C_157_0001.mp3,응급 경보
S-211024_S_101_C_163_0001.mp3,응급 경보
S-211024_S_101_C_172_0001.mp3,응급 경보
S-211024_S_101_C_228_0001.mp3,응급 경보
S-211024_S_101_C_229_0001.mp3,응급 경보
S-211024_S_101_C_230_0001.mp3,응급 경보
S-211024_S_101_C_231_0001.mp3,응급 경보
S-211024_S_101_C_232_0001.mp3,응급 경보
S-211024_S_101_C_233_0001.mp3,응급 경보
S-211024_S_101_C_234_0001.mp3,응급 경보
S-211024_S_101_C_235_0001.mp3,응급 경보
S-211024_S_101_C_236_0001.mp3,응급 경보
S-211024_S_101_C_237_0001.mp3,응급 경보
S-211024_S_101_C_241_0001.mp3,응급 경보
S-211024_S_101_C_242_0001.mp3,응급 경보
S-211024_S_101_C_243_0001.mp3,응급 경보
S-211024_S_101_C_244_0001.mp3,응급 경보
S-211024_S_101_C_251_0001.mp3,응급 경보
S-211024_S_101_C_252_0001.mp3,응급 경보
S-211024_S_101_C_253_0001.mp3,응급 경보
S-211024_S_101_C_254_0001.mp3,응급 경보
S-211024_S_101_C_255_0001.mp3,응급 경보
S-211024_S_101_C_256_0001.mp3,응급 경보
S-211024_S_101_C_257_0001.mp3,응급 경보
S-211024_S_101_C_258_0001.mp3,응급 경보
S-211024_S_101_C_259_0001.mp3,응급 경보
S-211024_S_101_C_260_0001.mp3,응급 경보
S-211024_S_101_C_261_0001.mp3,응급 경보
S-211024_S_101_C_262_0001.mp3,응급 경보
S-211024_S_101_C_263_0001.mp3,응급 경보
S-211024_S_101_C_264_0001.mp3,응급 경보
S-211024_S_101_C_265_0001.mp3,응급 경보
S-211024_S_101_C_283_0001.mp3,응급 경보
S-211024_S_101_C_284_0001.mp3,응급 경보
S-211024_S_101_C_285_0001.mp3,응급 경보
S-211024_S_101_C_289_0001.mp3,응급 경보
S-211024_S_101_C_290_0001.mp3,응급 경보
S-211024_S_101_C_291_0001.mp3,응급 경보
S-211024_S_101_C_292_0001.mp3,응급 경보
S-211024_S_101_C_303_0001.mp3,응급 경보
S-211024_S_101_C_304_0001.mp3,응급 경보
S-211024_S_101_C_305_0001.mp3,응급 경보
S-211024_S_101_C_309_0001.mp3,응급 경보
S-211024_S_101_C_310_0001.mp3,응급 경보
S-211024_S_104_C_001_0001.mp3,자동차 경적
S-211024_S_104_C_002_0001.mp3,자동차 경적
S-211026_S_101_C_001_0001.mp3,소방차 사이렌
S-211026_S_101_C_002_0001.mp3,소방차 사이렌
S-211026_S_101_C_003_0001.mp3,소방차 사이렌
S-211026_S_101_C_004_0001.mp3,소방차 사이렌
S-211026_S_101_C_005_0001.mp3,소방차 사이렌
S-211028_S_104_D_011_0001.mp3,자동차 경적
S-211028_S_104_D_012_0001.mp3,자동차 경적
S-211103_S_102_C_116_0001.mp3,도난 경보
S-211103_S_102_C_117_0001.mp3,도난 경보
S-211103_S_102_C_118_0001.mp3,도난 경보
S-211103_S_102_C_123_0001.mp3,도난 경보
S-211103_S_102_C_124_0001.mp3,도난 경보
S-211103_S_102_C_126_0001.mp3,도난 경보
S-211103_S_102_C_127_0001.mp3,도난 경보
S-211103_S_102_C_130_0001.mp3,도난 경보
S-211103_S_102_C_132_0001.mp3,도난 경보
S-211103_S_102_C_134_0001.mp3,도난 경보
S-211103_S_102_C_135_0001.mp3,도난 경보
S-211103_S_102_C_139_0001.mp3,도난 경보
S-211103_S_102_C_141_0001.mp3,도난 경보
S-211103_S_102_C_145_0001.mp3,도난 경보
S-211103_S_102_C_149_0001.mp3,도난 경보
S-211103_S_102_C_153_0001.mp3,도난 경보
S-211103_S_102_C_154_0001.mp3,도난 경보
S-211103_S_102_C_158_0001.mp3,도난 경보
S-211103_S_102_C_163_0001.mp3,도난 경보
S-211103_S_102_C_165_0001.mp3,도난 경보
S-211103_S_102_C_169_0001.mp3,도난 경보
S-211103_S_102_C_178_0001.mp3,도난 경보
S-211103_S_102_C_180_0001.mp3,도난 경보
S-211103_S_102_C_183_0001.mp3,도난 경보
S-211103_S_102_C_185_0001.mp3,도난 경보
S-211103_S_102_C_188_0001.mp3,도난 경보
S-211103_S_102_C_191_0001.mp3,도난 경보
S-211103_S_102_C_194_0001.mp3,도난 경보
S-211103_S_102_C_197_0001.mp3,도난 경보
S-211103_S_102_C_200_0001.mp3,도난 경보
S-211103_S_102_C_205_0001.mp3,도난 경보
S-211103_S_102_C_207_0001.mp3,도난 경보
S-211103_S_102_C_208_0001.mp3,도난 경보
S-211103_S_102_C_212_0001.mp3,도난 경보
S-211103_S_102_C_213_0001.mp3,도난 경보
S-211103_S_102_C_214_0001.mp3,도난 경보
S-211103_S_102_C_215_0001.mp3,도난 경보
S-211103_S_102_C_217_0001.mp3,도난 경보
S-211103_S_102_C_221_0001.mp3,도난 경보
S-211103_S_102_C_222_0001.mp3,도난 경보
S-211103_S_102_C_226_0001.mp3,도난 경보
S-211103_S_102_C_228_0001.mp3,도난 경보
S-211103_S_102_C_229_0001.mp3,도난 경보
S-211103_S_102_C_230_0001.mp3,도난 경보
S-211103_S_102_C_233_0001.mp3,도난 경보
S-211103_S_102_C_234_0001.mp3,도난 경보
S-211103_S_102_C_235_0001.mp3,도난 경보
S-211103_S_102_C_236_0001.mp3,도난 경보
S-211103_S_102_C_238_0001.mp3,도난 경보
S-211103_S_102_C_239_0001.mp3,도난 경보
S-211103_S_102_C_245_0001.mp3,도난 경보
S-211103_S_102_C_250_0001.mp3,도난 경보
S-211103_S_102_C_252_0001.mp3,도난 경보
S-211103_S_102_C_254_0001.mp3,도난 경보
S-211103_S_102_C_255_0001.mp3,도난 경보
S-211103_S_102_C_257_0001.mp3,도난 경보
S-211103_S_102_C_259_0001.mp3,도난 경보
S-211103_S_102_C_261_0001.mp3,도난 경보
S-211103_S_102_C_264_0001.mp3,도난 경보
S-211103_S_102_C_265_0001.mp3,도난 경보
S-211103_S_102_C_269_0001.mp3,도난 경보
S-211103_S_102_C_272_0001.mp3,도난 경보
S-211103_S_102_C_274_0001.mp3,도난 경보
S-211103_S_102_C_279_0001.mp3,도난 경보
S-211103_S_102_C_281_0001.mp3,도난 경보
S-211103_S_102_C_283_0001.mp3,도난 경보
S-211103_S_102_C_284_0001.mp3,도난 경보
S-211103_S_102_C_286_0001.mp3,도난 경보
S-211103_S_102_C_287_0001.mp3,도난 경보
S-211103_S_102_C_291_0001.mp3,도난 경보
S-211103_S_102_C_292_0001.mp3,도난 경보
S-211103_S_102_C_295_0001.mp3,도난 경보
S-211103_S_102_C_298_0001.mp3,도난 경보
S-211103_S_102_C_301_0001.mp3,도난 경보
S-211103_S_102_C_305_0001.mp3,도난 경보
S-211103_S_102_C_308_0001.mp3,도난 경보
S-211103_S_102_C_316_0001.mp3,도난 경보
S-211103_S_102_C_319_0001.mp3,도난 경보
S-211103_S_103_C_001_0001.mp3,화재 경보
S-211103_S_103_C_003_0001.mp3,화재 경보
S-211103_S_103_C_004_0001.mp3,화재 경보
S-211103_S_103_C_005_0001.mp3,화재 경보
S-211103_S_103_C_006_0001.mp3,화재 경보
S-211103_S_103_D_008_0001.mp3,화재 경보
S-211104_S_103_C_002_0001.mp3,화재 경보
S-211104_S_103_C_006_0001.mp3,가스누설 화재 경보
S-211104_S_103_C_007_0001.mp3,가스누설 화재 경보
S-211106_S_101_C_001_0001.mp3,응급 경보
S-211106_S_102_C_019_0001.mp3,도난 경보
S-211106_S_102_C_020_0001.mp3,도난 경보
S-211106_S_102_C_021_0001.mp3,도난 경보
S-211106_S_102_C_022_0001.mp3,도난 경보
S-211106_S_102_C_023_0001.mp3,도난 경보
S-211106_S_102_C_024_0001.mp3,도난 경보
S-211106_S_102_C_025_0001.mp3,도난 경보
S-211106_S_102_C_026_0001.mp3,도난 경보
S-211106_S_102_C_027_0001.mp3,도난 경보
S-211106_S_102_C_028_0001.mp3,도난 경보
S-211106_S_102_C_029_0001.mp3,도난 경보
S-211106_S_103_C_007_0001.mp3,화재 경보
S-211106_S_103_C_008_0001.mp3,화재 경보
S-211106_S_103_C_009_0001.mp3,화재 경보
S-211106_S_103_C_010_0001.mp3,화재 경보
S-211106_S_103_C_011_0001.mp3,화재 경보
S-211106_S_103_C_012_0001.mp3,화재 경보
S-211106_S_103_C_013_0001.mp3,화재 경보
S-211106_S_103_C_014_0001.mp3,화재 경보
S-211106_S_103_C_015_0001.mp3,화재 경보
S-211106_S_103_C_016_0001.mp3,화재 경보
S-211106_S_103_C_017_0001.mp3,화재 경보
S-211106_S_103_C_018_0001.mp3,화재 경보
S-211106_S_103_C_030_0001.mp3,가스누설 화재 경보
S-211106_S_103_C_031_0001.mp3,가스누설 화재 경보
S-211107_S_102_C_025_0001.mp3,도난 경보
S-211107_S_102_C_026_0001.mp3,도난 경보
S-211107_S_102_C_027_0001.mp3,도난 경보
S-211107_S_102_C_028_0001.mp3,도난 경보
S-211107_S_102_C_029_0001.mp3,도난 경보
S-211107_S_102_C_030_0001.mp3,도난 경보
S-211107_S_102_C_031_0001.mp3,도난 경보
S-211107_S_102_C_032_0001.mp3,도난 경보
S-211107_S_102_C_033_0001.mp3,도난 경보
S-211107_S_102_C_034_0001.mp3,도난 경보
S-211107_S_103_C_008_0001.mp3,화재 경보
S-211107_S_103_C_009_0001.mp3,화재 경보
S-211107_S_103_C_010_0001.mp3,화재 경보
S-211107_S_103_C_011_0001.mp3,화재 경보
S-211107_S_103_C_012_0001.mp3,화재 경보
S-211107_S_103_C_013_0001.mp3,화재 경보
S-211107_S_103_C_014_0001.mp3,화재 경보
S-211107_S_103_C_015_0001.mp3,화재 경보
S-211107_S_103_C_016_0001.mp3,화재 경보
S-211107_S_103_C_017_0001.mp3,화재 경보
S-211107_S_103_C_018_0001.mp3,화재 경보
S-211107_S_103_C_019_0001.mp3,화재 경보
S-211107_S_103_C_020_0001.mp3,화재 경보
S-211107_S_103_C_021_0001.mp3,화재 경보
S-211107_S_103_C_022_0001.mp3,화재 경보
S-211107_S_103_C_023_0001.mp3,화재 경보
S-211107_S_103_C_024_0001.mp3,화재 경보
S-211107_S_103_C_035_0001.mp3,가스누설 화재 경보
S-211107_S_103_C_036_0001.mp3,가스누설 화재 경보
S-211107_S_103_C_037_0001.mp3,가스누설 화재 경보
S-211107_S_103_C_215_0001.mp3,화재 경보
S-211107_S_103_C_218_0001.mp3,화재 경보
S-211107_S_103_C_221_0001.mp3,화재 경보
S-211107_S_103_C_222_0001.mp3,화재 경보
S-211108_S_103_C_006_0001.mp3,화재 경보
S-211109_S_102_C_002_0001.mp3,도난 경보
S-211109_S_103_C_001_0001.mp3,화재 경보
S-211111_S_101_C_001_0001.mp3,구급차 사이렌
S-211112_S_102_C_004_0001.mp3,도난 경보
S-211112_S_102_C_005_0001.mp3,도난 경보
S-211113_S_103_C_004_0001.mp3,화재 경보
S-211113_S_103_C_005_0001.mp3,화재 경보
S-211113_S_103_C_006_0001.mp3,화재 경보
S-211113_S_103_C_007_0001.mp3,화재 경보
S-211113_S_103_C_008_0001.mp3,화재 경보
S-211113_S_103_D_002_0001.mp3,화재 경보
S-211113_S_103_D_009_0001.mp3,화재 경보
S-211113_S_103_D_012_0001.mp3,화재 경보
S-211113_S_103_D_017_0001.mp3,화재 경보
S-211115_S_101_C_002_0001.mp3,구급차 사이렌
S-211115_S_101_C_003_0001.mp3,소방차 사이렌
S-211115_S_101_C_004_0001.mp3,구급차 사이렌
S-211115_S_101_C_006_0001.mp3,소방차 사이렌
S-211115_S_101_C_014_0001.mp3,소방차 사이렌
S-211115_S_101_C_018_0001.mp3,구급차 사이렌
S-211115_S_101_C_022_0001.mp3,소방차 사이렌
S-211115_S_101_C_024_0001.mp3,구급차 사이렌
S-211115_S_101_C_026_0001.mp3,소방차 사이렌
S-211115_S_101_C_202_0001.mp3,구급차 사이렌
S-211115_S_101_C_204_0001.mp3,구급차 사이렌
S-211115_S_101_C_224_0001.mp3,구급차 사이렌
S-211115_S_104_C_007_0001.mp3,자동차 경적
S-211115_S_104_C_008_0001.mp3,자동차 경적
S-211115_S_104_C_011_0001.mp3,자동차 경적
S-211115_S_104_C_012_0001.mp3,자동차 경적
S-211115_S_104_C_013_0001.mp3,자동차 경적
S-211115_S_104_C_014_0001.mp3,자동차 경적
S-211115_S_104_C_015_0001.mp3,자동차 경적
S-211115_S_104_C_016_0001.mp3,자동차 경적
S-211115_S_104_C_017_0001.mp3,자동차 경적
S-211115_S_104_C_018_0001.mp3,자동차 경적
S-211115_S_104_C_019_0001.mp3,자동차 경적
S-211115_S_104_C_020_0001.mp3,자동차 경적
S-211115_S_104_C_022_0001.mp3,자동차 경적
S-211115_S_104_C_023_0001.mp3,자동차 경적
S-211115_S_104_C_024_0001.mp3,자동차 경적
S-211115_S_104_C_025_0001.mp3,자동차 경적
S-211115_S_104_C_026_0001.mp3,자동차 경적
S-211115_S_104_C_028_0001.mp3,자동차 경적
S-211115_S_104_C_031_0001.mp3,자동차 경적
S-211115_S_104_C_032_0001.mp3,자동차 경적
S-211115_S_104_C_207_0001.mp3,자동차 경적
S-211115_S_104_C_212_0001.mp3,자동차 경적
S-211115_S_104_C_214_0001.mp3,자동차 경적
S-211115_S_104_C_219_0001.mp3,자동차 경적
S-211115_S_104_C_223_0001.mp3,자동차 경적
S-211115_S_104_C_224_0001.mp3,자동차 경적
S-211115_S_104_C_225_0001.mp3,자동차 경적
S-211115_S_104_C_226_0001.mp3,자동차 경적
S-211116_S_104_C_001_0001.mp3,자동차 경적
S-211116_S_104_C_002_0001.mp3,자동차 경적
S-211116_S_104_C_003_0001.mp3,자동차 경적
S-211116_S_104_C_004_0001.mp3,자동차 경적
S-211116_S_104_C_005_0001.mp3,자동차 경적
S-211116_S_104_C_006_0001.mp3,자동차 경적
S-211116_S_104_C_008_0001.mp3,자동차 경적
S-211116_S_104_C_009_0001.mp3,자동차 경적
S-211116_S_104_C_012_0001.mp3,자동차 경적
S-211116_S_104_C_013_0001.mp3,자동차 경적
S-211116_S_104_C_014_0001.mp3,자동차 경적
S-211116_S_104_C_015_0001.mp3,자동차 경적
S-211116_S_104_C_017_0001.mp3,자동차 경적
S-211116_S_104_C_018_0001.mp3,자동차 경적
S-211116_S_104_C_019_0001.mp3,자동차 경적
S-211116_S_104_C_021_0001.mp3,자동차 경적
S-211116_S_104_C_023_0001.mp3,자동차 경적
S-211116_S_104_C_025_0001.mp3,자동차 경적
S-211116_S_104_C_026_0001.mp3,자동차 경적
S-211116_S_104_C_027_0001.mp3,자동차 경적
S-211116_S_104_C_208_0001.mp3,자동차 경적
S-211116_S_104_C_213_0001.mp3,자동차 경적
S-211116_S_104_C_214_0001.mp3,자동차 경적
S-211116_S_104_C_217_0001.mp3,자동차 경적
S-211116_S_104_C_219_0001.mp3,자동차 경적
S-211116_S_104_C_223_0001.mp3,자동차 경적
S-211124_S_101_L_003_0001.mp3,경찰차 사이렌
S-211124_S_101_L_004_0001.mp3,경찰차 사이렌
S-211124_S_101_L_005_0001.mp3,경찰차 사이렌
S-211124_S_101_L_006_0001.mp3,경찰차 사이렌
S-211124_S_101_L_007_0001.mp3,경찰차 사이렌
S-211124_S_101_L_008_0001.mp3,소방차 사이렌
S-211124_S_101_L_009_0001.mp3,소방차 사이렌
S-211124_S_102_L_001_0001.mp3,도난 경보
S-211124_S_102_L_002_0001.mp3,도난 경보
S-211124_S_102_L_003_0001.mp3,도난 경보
S-211124_S_102_L_004_0001.mp3,도난 경보
S-211124_S_102_L_005_0001.mp3,도난 경보
S-211124_S_102_L_006_0001.mp3,도난 경보
S-211124_S_102_L_007_0001.mp3,도난 경보
S-211126_S_102_C_045_0001.mp3,도난 경보
S-211126_S_102_C_046_0001.mp3,도난 경보
S-211126_S_102_C_047_0001.mp3,도난 경보
S-211126_S_102_C_048_0001.mp3,도난 경보
S-211127_S_102_C_008_0001.mp3,침입 경보
S-211127_S_102_C_009_0001.mp3,침입 경보
S-211127_S_102_C_010_0001.mp3,침입 경보
S-211127_S_102_C_011_0001.mp3,침입 경보
S-211127_S_102_C_012_0001.mp3,침입 경보
S-211127_S_102_C_013_0001.mp3,침입 경보
S-211127_S_102_C_014_0001.mp3,침입 경보
S-211127_S_102_C_015_0001.mp3,침입 경보
S-211127_S_102_C_016_0001.mp3,침입 경보
S-211127_S_102_C_022_0001.mp3,침입 경보
S-211127_S_102_C_023_0001.mp3,침입 경보
S-211127_S_102_C_024_0001.mp3,침입 경보
S-211127_S_102_C_025_0001.mp3,침입 경보
S-211127_S_102_C_026_0001.mp3,침입 경보
S-211127_S_102_C_061_0001.mp3,침입 경보
S-211127_S_102_C_062_0001.mp3,침입 경보
S-211127_S_102_C_063_0001.mp3,침입 경보
S-211127_S_102_C_064_0001.mp3,침입 경보
S-211127_S_102_C_065_0001.mp3,침입 경보
S-211127_S_102_C_066_0001.mp3,침입 경보
S-211127_S_102_C_067_0001.mp3,침입 경보
S-211127_S_103_C_058_0001.mp3,화재 경보
S-211127_S_103_C_059_0001.mp3,화재 경보
S-211127_S_103_C_060_0001.mp3,화재 경보
S-211129_S_104_C_016_0001.mp3,공습 경보
S-211129_S_104_C_017_0001.mp3,공습 경보
S-211129_S_104_C_021_0001.mp3,공습 경보
S-211129_S_104_C_049_0001.mp3,공습 경보
S-211129_S_104_C_050_0001.mp3,공습 경보
S-211129_S_104_C_053_0001.mp3,공습 경보
S-211129_S_104_C_054_0001.mp3,공습 경보
S-211129_S_104_C_057_0001.mp3,공습 경보
S-211130_S_104_C_030_0001.mp3,공습 경보
S-211130_S_104_C_065_0001.mp3,공습 경보
S-210709_S_104_D_001_0001.mp3,자동차 경적
S-210709_S_104_D_002_0001.mp3,자동차 경적
S-210709_S_104_D_003_0001.mp3,자동차 경적
S-210709_S_104_D_004_0001.mp3,자동차 경적
S-210709_S_104_D_005_0001.mp3,자동차 경적
S-210709_S_104_D_006_0001.mp3,자동차 경적
S-210709_S_104_D_007_0001.mp3,자동차 경적
S-210709_S_104_D_008_0001.mp3,자동차 경적
S-210709_S_104_D_009_0001.mp3,자동차 경적
S-210709_S_104_D_010_0001.mp3,자동차 경적
S-210709_S_104_D_011_0001.mp3,자동차 경적
S-210709_S_104_D_012_0001.mp3,자동차 경적
S-210709_S_104_D_013_0001.mp3,자동차 경적
S-210709_S_104_D_014_0001.mp3,자동차 경적
S-210709_S_104_D_015_0001.mp3,자동차 경적
S-210709_S_104_D_016_0001.mp3,자동차 경적
S-210709_S_104_D_017_0001.mp3,자동차 경적
S-210709_S_104_D_019_0001.mp3,자동차 경적
S-210715_S_101_D_001_0001.mp3,구급차 사이렌
S-210820_S_101_L_001_0001.mp3,경찰차 사이렌
S-210820_S_101_L_002_0001.mp3,경찰차 사이렌
S-210820_S_101_L_003_0001.mp3,경찰차 사이렌
S-210820_S_101_L_004_0001.mp3,경찰차 사이렌
S-210820_S_101_L_005_0001.mp3,경찰차 사이렌
S-210820_S_102_L_001_0001.mp3,도난 경보
S-210820_S_102_L_002_0001.mp3,도난 경보
S-210820_S_103_L_001_0001.mp3,화재 경보
S-210820_S_103_L_002_0001.mp3,화재 경보
S-210820_S_103_L_003_0001.mp3,화재 경보
S-210820_S_103_L_004_0001.mp3,화재 경보
S-210820_S_103_L_005_0001.mp3,화재 경보
S-210820_S_103_L_006_0001.mp3,화재 경보
S-210821_S_101_L_005_0001.mp3,경찰차 사이렌
S-210821_S_101_L_006_0001.mp3,경찰차 사이렌
S-210821_S_101_L_007_0001.mp3,경찰차 사이렌
S-210821_S_101_L_008_0001.mp3,경찰차 사이렌
S-210821_S_101_L_009_0001.mp3,경찰차 사이렌
S-210821_S_101_L_010_0001.mp3,경찰차 사이렌
S-211013_S_104_D_001_0001.mp3,자동차 경적
S-211013_S_104_D_002_0001.mp3,자동차 경적
S-211013_S_104_D_003_0001.mp3,자동차 경적
S-211014_S_103_C_001_0001.mp3,화재 경보
S-211014_S_103_C_002_0001.mp3,화재 경보
S-211014_S_103_C_003_0001.mp3,화재 경보
S-211014_S_103_C_004_0001.mp3,화재 경보
S-211014_S_103_C_005_0001.mp3,화재 경보
S-211014_S_103_C_018_0002.mp3,화재 경보
S-211014_S_103_C_042_0001.mp3,화재 경보
S-211014_S_103_C_043_0001.mp3,화재 경보
S-211014_S_103_C_044_0001.mp3,화재 경보
S-211014_S_103_C_045_0001.mp3,화재 경보
S-211014_S_103_C_055_0001.mp3,화재 경보
S-211014_S_103_C_058_0001.mp3,화재 경보
S-211014_S_103_C_059_0001.mp3,화재 경보
S-211014_S_103_C_060_0001.mp3,화재 경보
S-211014_S_103_C_062_0001.mp3,화재 경보
S-211014_S_103_C_063_0001.mp3,화재 경보
S-211103_S_102_C_002_0001.mp3,도난 경보
S-211103_S_102_C_004_0001.mp3,도난 경보
S-211103_S_102_C_007_0001.mp3,도난 경보
S-211103_S_102_C_009_0001.mp3,도난 경보
S-211103_S_102_C_011_0002.mp3,도난 경보
S-211103_S_102_C_017_0001.mp3,도난 경보
S-211103_S_102_C_019_0001.mp3,도난 경보
S-211103_S_102_C_023_0001.mp3,도난 경보
S-211103_S_102_C_025_0001.mp3,도난 경보
S-211103_S_102_C_030_0001.mp3,도난 경보
S-211103_S_102_C_034_0001.mp3,도난 경보
S-211103_S_102_C_037_0001.mp3,도난 경보
S-211103_S_102_C_042_0001.mp3,도난 경보
S-211103_S_102_C_045_0001.mp3,도난 경보
S-211103_S_102_C_050_0001.mp3,도난 경보
